Target,Model,MAE_mean,MAE_std,MAE_median,MAE_p25,MAE_p75,MAE_iqr,MAE_min,MAE_max,RMSE_mean,RMSE_std,RMSE_median,RMSE_p25,RMSE_p75,RMSE_iqr,RMSE_min,RMSE_max,MAPE_mean,MAPE_std,MAPE_median,MAPE_p25,MAPE_p75,MAPE_iqr,MAPE_min,MAPE_max,R2_mean,R2_std,R2_median,R2_p25,R2_p75,R2_iqr,R2_min,R2_max,n_seeds
M_DB,xgb,0.10512382631427522,0.0054253336621588434,0.10505996633059306,0.10157589767728487,0.10730136022798337,0.005725462550698501,0.09580397633501865,0.119644745083635,0.2657929113537081,0.013176603625193259,0.26732220343590174,0.2590913652797762,0.27246262315953207,0.013371257879755849,0.23324243516057713,0.29004412878949737,0.7485568405864136,0.05803599018888527,0.7414657401661127,0.7132851258516621,0.7935683731356161,0.08028324728395397,0.6188980555405637,0.8626675273730802,0.999280628590095,7.002999456583883e-05,0.9992740495533274,0.9992458639043671,0.9993180319634506,7.216805908349944e-05,0.9991453978123988,0.9994473489788599,30.0
M_DB,catboost,0.1351066826007638,0.0,0.1351066826007638,0.1351066826007638,0.1351066826007638,0.0,0.1351066826007638,0.1351066826007638,0.24530628441373975,5.646012854083702e-17,0.2453062844137397,0.2453062844137397,0.2453062844137397,0.0,0.2453062844137397,0.2453062844137397,1.6147064833374971,6.775215424900442e-16,1.6147064833374964,1.6147064833374964,1.6147064833374964,0.0,1.6147064833374964,1.6147064833374964,0.9993887016950421,1.1292025708167404e-16,0.999388701695042,0.999388701695042,0.999388701695042,0.0,0.999388701695042,0.999388701695042,30.0
M_DB,svr,0.15425283661544234,0.0,0.15425283661544234,0.15425283661544234,0.15425283661544234,0.0,0.15425283661544234,0.15425283661544234,0.29685135006158414,5.646012854083702e-17,0.2968513500615842,0.2968513500615842,0.2968513500615842,0.0,0.2968513500615842,0.2968513500615842,1.5758297236998837,4.516810283266961e-16,1.5758297236998842,1.5758297236998842,1.5758297236998842,0.0,1.5758297236998842,1.5758297236998842,0.9991048127260306,2.2584051416334807e-16,0.9991048127260304,0.9991048127260304,0.9991048127260304,0.0,0.9991048127260304,0.9991048127260304,30.0
M_DB,lgbm,0.17553912050390302,0.00671122357983176,0.17435803697099872,0.17213060145704945,0.1802091263507517,0.008078524893702255,0.16261993766356803,0.18967813661273875,0.3115886889198453,0.007141490625734958,0.31163086149103436,0.3067870552212295,0.3152129791598592,0.008425923938629676,0.2942955874528179,0.32728109173957215,1.370134814173521,0.1037937318392397,1.3611637400671004,1.29451937044319,1.4198380987538468,0.1253187283106567,1.1943748162892807,1.583659503743104,0.9990132214774675,4.5305552577176786e-05,0.999013455293658,0.9989906435754464,0.9990438854685901,5.324189314370731e-05,0.9989118777942829,0.999120160726325,30.0
M_DB,gpr,0.20008025630408507,5.646012854083702e-17,0.20008025630408502,0.20008025630408502,0.20008025630408502,0.0,0.20008025630408502,0.20008025630408502,0.3522100856566752,1.6938038562251105e-16,0.35221008565667505,0.35221008565667505,0.35221008565667505,0.0,0.35221008565667505,0.35221008565667505,1.889462684656569,6.775215424900442e-16,1.8894626846565683,1.8894626846565683,1.8894626846565683,0.0,1.8894626846565683,1.8894626846565683,0.9987398001640311,1.1292025708167404e-16,0.998739800164031,0.998739800164031,0.998739800164031,0.0,0.998739800164031,0.998739800164031,30.0
M_DB,dt,0.20286976448735658,0.003536479647996538,0.20202503954023004,0.200389243126437,0.2062702720919543,0.005881028965517315,0.19633623347126442,0.20728863310344856,0.3747539963958192,0.001403607084703843,0.3743158384579777,0.3738797142525832,0.37615126282181627,0.0022715485692330617,0.3722273422348743,0.37639275529980315,1.713380520091487,0.022422123165189434,1.711876994444847,1.6952956963600783,1.728798615193811,0.0335029188337328,1.6715497165496358,1.7481686917858217,0.9985732946895687,1.0681483747374069e-05,0.9985766481804623,0.9985626554206027,0.9985799630437406,1.7307623137896577e-05,0.9985608092663417,0.9985924870945829,30.0
M_DB,gbrt,0.2424148679145429,2.873833483789833e-16,0.24241486791454292,0.2424148679145427,0.24241486791454306,3.608224830031759e-16,0.24241486791454234,0.24241486791454356,0.35024069879203135,2.3279107360982133e-16,0.35024069879203135,0.3502406987920312,0.35024069879203146,2.7755575615628914e-16,0.3502406987920307,0.35024069879203173,2.3607698804011545,5.118165928667573e-15,2.360769880401155,2.3607698804011505,2.3607698804011585,7.993605777301127e-15,2.3607698804011443,2.360769880401164,0.9987538536084881,1.1292025708167404e-16,0.9987538536084882,0.9987538536084882,0.9987538536084882,0.0,0.9987538536084882,0.9987538536084882,30.0
M_DB,histgbr,0.3610287173287092,1.1292025708167404e-16,0.3610287173287091,0.3610287173287091,0.3610287173287091,0.0,0.3610287173287091,0.3610287173287091,0.49864445575099,5.646012854083702e-17,0.49864445575099003,0.49864445575099003,0.49864445575099003,0.0,0.49864445575099003,0.49864445575099003,3.2561886696104696,9.033620566533923e-16,3.2561886696104705,3.2561886696104705,3.2561886696104705,0.0,3.2561886696104705,3.2561886696104705,0.9974740902338265,1.1292025708167404e-16,0.9974740902338266,0.9974740902338266,0.9974740902338266,0.0,0.9974740902338266,0.9974740902338266,30.0
M_DB,rf,0.7978785100783873,0.024417570149218252,0.7941324111339507,0.7797755180568151,0.8076608605872473,0.027885342530432178,0.7621419890714225,0.8624022598525722,1.017986749743583,0.031568048663775175,1.0107882185237318,1.0000270827226636,1.0370597447517582,0.03703266202909461,0.9670397350364981,1.1146870398732753,7.427187864655105,0.260124392423208,7.3685123839306605,7.2759859296391864,7.607025629038925,0.33103969939973865,6.903409137066767,7.915326401048812,0.9894628389407761,0.00066301235680032,0.9896209764196009,0.9890744402153997,0.9898408033136159,0.0007663630982162051,0.9873776055928666,0.9904999808344345,30.0
M_DB,adaboost,1.5227672355092001,0.045983810816131655,1.5144979305272637,1.4973075830588853,1.5464746800782045,0.049167097019319206,1.4515738231716793,1.6499689508867912,1.8267015195351204,0.0796398911374156,1.8095855144134227,1.7698012521273334,1.8648261673078976,0.09502491518056422,1.724822277521689,2.098046973916596,16.138837908780093,0.6202937850644061,16.02312266473134,15.763557310080083,16.484322316252154,0.720765006172071,14.591530721885224,17.54903111956004,0.9660399546269076,0.0030516596147201268,0.9667343430376582,0.9646720649001648,0.9681810238042525,0.0035089589040877556,0.9552836591533863,0.9697779062509329,30.0
M_DB,knn,2.106026635475885,0.0,2.106026635475885,2.106026635475885,2.106026635475885,0.0,2.106026635475885,2.106026635475885,2.671970096803871,9.033620566533923e-16,2.67197009680387,2.67197009680387,2.67197009680387,0.0,2.67197009680387,2.67197009680387,24.0753675300798,0.0,24.0753675300798,24.0753675300798,24.0753675300798,0.0,24.0753675300798,24.0753675300798,0.9274731142325734,2.2584051416334807e-16,0.9274731142325736,0.9274731142325736,0.9274731142325736,0.0,0.9274731142325736,0.9274731142325736,30.0
M_DB,lasso,2.245405762360128,4.516810283266961e-16,2.2454057623601282,2.2454057623601282,2.2454057623601282,0.0,2.2454057623601282,2.2454057623601282,3.0747393710113355,9.033620566533923e-16,3.0747393710113364,3.0747393710113364,3.0747393710113364,0.0,3.0747393710113364,3.0747393710113364,27.88588565820441,0.0,27.88588565820441,27.88588565820441,27.88588565820441,0.0,27.88588565820441,27.88588565820441,0.9039599316303347,2.2584051416334807e-16,0.9039599316303345,0.9039599316303345,0.9039599316303345,0.0,0.9039599316303345,0.9039599316303345,30.0
M_DB,elasticnet,2.245959610473435,0.0,2.245959610473435,2.245959610473435,2.245959610473435,0.0,2.245959610473435,2.245959610473435,3.0752630536360943,4.516810283266961e-16,3.0752630536360948,3.0752630536360948,3.0752630536360948,0.0,3.0752630536360948,3.0752630536360948,27.889883724677784,7.226896453227138e-15,27.889883724677777,27.889883724677777,27.889883724677777,0.0,27.889883724677777,27.889883724677777,0.9039272141918527,1.1292025708167404e-16,0.9039272141918526,0.9039272141918526,0.9039272141918526,0.0,0.9039272141918526,0.9039272141918526,30.0
M_DB,ridge,2.247420954641308,0.0,2.247420954641308,2.247420954641308,2.247420954641308,0.0,2.247420954641308,2.247420954641308,3.077346140147581,4.516810283266961e-16,3.0773461401475806,3.0773461401475806,3.0773461401475806,0.0,3.0773461401475806,3.0773461401475806,27.866112699209562,0.0,27.866112699209562,27.866112699209562,27.866112699209562,0.0,27.866112699209562,27.866112699209562,0.9037970167414701,3.387607712450221e-16,0.9037970167414697,0.9037970167414697,0.9037970167414697,0.0,0.9037970167414697,0.9037970167414697,30.0
M_LB,xgb,0.06958549108035625,0.010260800058081708,0.067147436214744,0.06056466301342108,0.07643007658993262,0.015865413576511535,0.057234769817385525,0.09340539001544791,0.10147536420694848,0.015253542678188127,0.09760671130159151,0.088143742930763,0.1085598092063855,0.020416066275622494,0.08136534020698066,0.1343644185913852,0.5928937206814202,0.10616398600527936,0.5650102917981638,0.5048107909256083,0.6620087442807822,0.15719795335517384,0.46429692426103825,0.8769574810416817,0.9999288695107846,2.2138785551882936e-05,0.9999355862402679,0.9999203128875866,0.9999474788511479,2.716596356122647e-05,0.9998779552038531,0.9999552462325172,30.0
M_LB,gpr,0.08270407769894159,1.4115032135209254e-17,0.08270407769894157,0.08270407769894157,0.08270407769894157,0.0,0.08270407769894157,0.08270407769894157,0.11297442669241324,2.823006427041851e-17,0.11297442669241321,0.11297442669241321,0.11297442669241321,0.0,0.11297442669241321,0.11297442669241321,0.780697331290363,2.2584051416334807e-16,0.7806973312903632,0.7806973312903632,0.7806973312903632,0.0,0.7806973312903632,0.7806973312903632,0.999913719827629,1.1292025708167404e-16,0.9999137198276291,0.9999137198276291,0.9999137198276291,0.0,0.9999137198276291,0.9999137198276291,30.0
M_LB,lgbm,0.1032165267472295,0.004778102014229104,0.1021636142476727,0.09924717747465536,0.1073129742718767,0.00806579679722133,0.09511422999437934,0.11255476517614581,0.13130843257514557,0.00626872163305846,0.12964865537163725,0.1260538051925203,0.13717964961387638,0.011125844421356085,0.12218915545208174,0.1422102010675424,0.9686353229072245,0.05383188375796341,0.957754014431409,0.9402000071170374,0.9961731816452548,0.05597317452821737,0.891407307110314,1.1179271318393649,0.9998831868536996,1.1199143749504153e-05,0.9998863715163395,0.999872786696262,0.9998925837233688,1.9797027106749354e-05,0.9998632862447135,0.9998990709842768,30.0
M_LB,dt,0.11816547074942534,0.001302301905920524,0.11823039356321843,0.11689712717241382,0.1189644377011495,0.002067310528735683,0.11649174197701151,0.1202149640459771,0.17163979726512613,0.0024652861693455316,0.17165457531781025,0.16918563849282736,0.1739729870690591,0.004787348576231726,0.16910539559783205,0.17423744194678184,0.7108292460952029,0.008108830112420045,0.7085798897150029,0.7046149206942834,0.7162237411175492,0.01160882042326572,0.7000665731391106,0.7270702876795577,0.9998008073555206,5.720962377600286e-06,0.9998007782984474,0.9997953958904828,0.9998065014310367,1.110554055383517e-05,0.9997947733837341,0.9998066849610452,30.0
M_LB,svr,0.1551735676690206,2.823006427041851e-17,0.15517356766902057,0.15517356766902057,0.15517356766902057,0.0,0.15517356766902057,0.15517356766902057,0.2512189545305083,1.1292025708167404e-16,0.2512189545305082,0.2512189545305082,0.2512189545305082,0.0,0.2512189545305082,0.2512189545305082,1.5402300158794433,4.516810283266961e-16,1.5402300158794429,1.5402300158794429,1.5402300158794429,0.0,1.5402300158794429,1.5402300158794429,0.9995733659442867,2.2584051416334807e-16,0.9995733659442869,0.9995733659442869,0.9995733659442869,0.0,0.9995733659442869,0.9995733659442869,30.0
M_LB,gbrt,0.17789938488199863,2.0821466605868714e-16,0.17789938488199863,0.17789938488199852,0.17789938488199875,2.220446049250313e-16,0.17789938488199816,0.17789938488199908,0.25734290063663,2.169617115896714e-16,0.25734290063663,0.25734290063662996,0.2573429006366302,2.220446049250313e-16,0.25734290063662957,0.2573429006366306,1.622042571309326,2.1077103656935287e-15,1.622042571309326,1.622042571309325,1.6220425713093272,2.220446049250313e-15,1.622042571309321,1.6220425713093303,0.9995523123691513,2.2584051416334807e-16,0.9995523123691515,0.9995523123691515,0.9995523123691515,0.0,0.9995523123691515,0.9995523123691515,30.0
M_LB,catboost,0.20291469051438335,2.823006427041851e-17,0.20291469051438338,0.20291469051438338,0.20291469051438338,0.0,0.20291469051438338,0.20291469051438338,0.36880189984161615,1.1292025708167404e-16,0.36880189984161627,0.36880189984161627,0.36880189984161627,0.0,0.36880189984161627,0.36880189984161627,2.5045436829548477,4.516810283266961e-16,2.504543682954848,2.504543682954848,2.504543682954848,0.0,2.504543682954848,2.504543682954848,0.9990805311703717,2.2584051416334807e-16,0.9990805311703719,0.9990805311703719,0.9990805311703719,0.0,0.9990805311703719,0.9990805311703719,30.0
M_LB,histgbr,0.34221282168640293,5.646012854083702e-17,0.342212821686403,0.342212821686403,0.342212821686403,0.0,0.342212821686403,0.342212821686403,0.43297637879032247,1.6938038562251105e-16,0.43297637879032264,0.43297637879032264,0.43297637879032264,0.0,0.43297637879032264,0.43297637879032264,2.836659675002379,4.516810283266961e-16,2.8366596750023785,2.8366596750023785,2.8366596750023785,0.0,2.8366596750023785,2.8366596750023785,0.9987327009199495,3.387607712450221e-16,0.9987327009199498,0.9987327009199498,0.9987327009199498,0.0,0.9987327009199498,0.9987327009199498,30.0
M_LB,rf,1.0080002556300516,0.022684173747993225,1.0070317486544815,0.9931850472039814,1.0200337136952846,0.02684866649130324,0.9588484672384653,1.046638630925974,1.2903616310215742,0.03490633545670901,1.2864673630562606,1.265746563987047,1.3127078971916304,0.04696133320458329,1.224138430398171,1.3666607482749953,7.976000183854717,0.18649261233417502,7.979958736913985,7.8610996771615795,8.109047222363339,0.2479475452017592,7.508799446178341,8.35624754964622,0.9887363096477936,0.0006108820937875894,0.9888121068010112,0.9883509171664578,0.989169606742902,0.0008186895764441537,0.9873738148246969,0.9898699456259321,30.0
M_LB,adaboost,1.893531790913702,0.12784825214580797,1.864576889907045,1.819129725057271,1.928114241228953,0.10898451617168181,1.706750587139116,2.2142078637290035,2.252588130979324,0.18798311923265618,2.1984094603037367,2.1528463721638995,2.2441315876148407,0.09128521545094115,2.0574496389551693,2.7192786491880203,17.407035285526465,0.9443817673107351,17.611413184261806,16.512871935982446,17.96711854039466,1.4542466044122158,15.457703921332143,18.86514936045284,0.9654674846708072,0.006059846626132805,0.9673283886709185,0.9659550069172324,0.9686688139311818,0.0027138070139494097,0.9500128774985936,0.9713839860360555,30.0
M_LB,knn,2.668198398104296,4.516810283266961e-16,2.6681983981042965,2.6681983981042965,2.6681983981042965,0.0,2.6681983981042965,2.6681983981042965,3.430654574503804,0.0,3.430654574503804,3.430654574503804,3.430654574503804,0.0,3.430654574503804,3.430654574503804,24.50564317151055,0.0,24.50564317151055,24.50564317151055,24.50564317151055,0.0,24.50564317151055,24.50564317151055,0.9204381824252076,2.2584051416334807e-16,0.9204381824252074,0.9204381824252074,0.9204381824252074,0.0,0.9204381824252074,0.9204381824252074,30.0
M_LB,lasso,2.7728865637885867,9.033620566533923e-16,2.772886563788586,2.772886563788586,2.772886563788586,0.0,2.772886563788586,2.772886563788586,3.888258375448298,9.033620566533923e-16,3.8882583754482973,3.8882583754482973,3.8882583754482973,0.0,3.8882583754482973,3.8882583754482973,28.124934316624497,3.613448226613569e-15,28.1249343166245,28.1249343166245,28.1249343166245,0.0,28.1249343166245,28.1249343166245,0.8977976353493353,2.2584051416334807e-16,0.8977976353493355,0.8977976353493355,0.8977976353493355,0.0,0.8977976353493355,0.8977976353493355,30.0
M_LB,elasticnet,2.7732847028753635,1.3550430849800884e-15,2.773284702875365,2.773284702875365,2.773284702875365,0.0,2.773284702875365,2.773284702875365,3.8889767856711024,9.033620566533923e-16,3.8889767856711015,3.8889767856711015,3.8889767856711015,0.0,3.8889767856711015,3.8889767856711015,28.12407374176102,1.0840344679840707e-14,28.12407374176103,28.12407374176103,28.12407374176103,0.0,28.12407374176103,28.12407374176103,0.8977598652222226,2.2584051416334807e-16,0.8977598652222224,0.8977598652222224,0.8977598652222224,0.0,0.8977598652222224,0.8977598652222224,30.0
M_LB,ridge,2.774328649999777,9.033620566533923e-16,2.7743286499997777,2.7743286499997777,2.7743286499997777,0.0,2.7743286499997777,2.7743286499997777,3.89152160707208,4.516810283266961e-16,3.8915216070720806,3.8915216070720806,3.8915216070720806,0.0,3.8915216070720806,3.8915216070720806,28.09186905872396,7.226896453227138e-15,28.091869058723955,28.091869058723955,28.091869058723955,0.0,28.091869058723955,28.091869058723955,0.8976260161277059,0.0,0.8976260161277059,0.8976260161277059,0.8976260161277059,0.0,0.8976260161277059,0.8976260161277059,30.0
