Target,Model,seed,MAE,RMSE,MAPE,R2
M_LB,xgb,1,0.08154961894266918,0.12176823342182598,0.671791084074055,0.9998997651550822
M_LB,xgb,2,0.07607883517051799,0.10950729758496709,0.6634857616808566,0.9999189343563955
M_LB,xgb,3,0.05993894152084873,0.08695583405676247,0.5038947798762047,0.9999488850239064
M_LB,xgb,4,0.07180392967643216,0.1040591291466397,0.6113973322450145,0.9999267999991799
M_LB,xgb,5,0.07654715706307083,0.10571734407064072,0.6575776920805587,0.9999244484811604
M_LB,xgb,6,0.07773126497441138,0.12219452195160348,0.6282536936759034,0.999899062118557
M_LB,xgb,7,0.057234769817385525,0.08748561801125479,0.46429692426103825,0.9999482602840611
M_LB,xgb,8,0.06447063635067422,0.09547244038778069,0.5651616882411736,0.9999383821189586
M_LB,xgb,9,0.06668230892041704,0.09638013870551772,0.5557346690824341,0.999937204892853
M_LB,xgb,10,0.07090841023238804,0.10246425210217985,0.5749347356053872,0.9999290266245127
M_LB,xgb,11,0.06691159126277098,0.09540176641472924,0.5548258663892792,0.9999384733111104
M_LB,xgb,12,0.0592042701511905,0.08831217860990391,0.4821237404147637,0.9999472779960616
M_LB,xgb,13,0.06010248306320154,0.08907761891399517,0.4844967885296348,0.9999463601059821
M_LB,xgb,14,0.06189401904873549,0.09078719123692819,0.5367481524216604,0.999944281441508
M_LB,xgb,15,0.06738328116671703,0.0988332838976653,0.6254243605852627,0.9999339675876827
M_LB,xgb,16,0.06375268539830962,0.09259810100171136,0.51802043092956,0.9999420364638458
M_LB,xgb,17,0.08835003073449825,0.13192581533800274,0.7946045671825194,0.9998823450277657
M_LB,xgb,18,0.0798830760366224,0.11517861119171048,0.727523612999447,0.9999103202503999
M_LB,xgb,19,0.08125828795874838,0.11720719820780404,0.6983924291564106,0.9999071334566428
M_LB,xgb,20,0.06110569868163911,0.08801529847091955,0.5075588240738194,0.999947631872665
M_LB,xgb,21,0.0899171948759344,0.13044617179914472,0.7723618856763093,0.9998849693990582
M_LB,xgb,22,0.06228860668981496,0.08808759770438271,0.5236061802226314,0.9999475458028433
M_LB,xgb,23,0.05906581866986701,0.08464003539360862,0.48040851090764525,0.9999515713475858
M_LB,xgb,24,0.09340539001544791,0.1343644185913852,0.8769574810416817,0.9998779552038531
M_LB,xgb,25,0.058842587586996814,0.08746637297314074,0.4873396849157709,0.9999482830449059
M_LB,xgb,26,0.07071802659111345,0.10222035741789626,0.5648588953551539,0.9999293640968936
M_LB,xgb,27,0.060384317790681735,0.08631543885202365,0.49202702298080997,0.9999496351345866
M_LB,xgb,28,0.07285485570888031,0.10549453414782586,0.6854791264652441,0.9999247666103934
M_LB,xgb,29,0.057738448614374265,0.08136534020698066,0.496697584473476,0.9999552462325172
M_LB,xgb,30,0.06955818969632811,0.1045187863995238,0.5808281148988998,0.9999261518825695
M_LB,gpr,1,0.08270407769894157,0.11297442669241321,0.7806973312903632,0.9999137198276291
M_LB,gpr,2,0.08270407769894157,0.11297442669241321,0.7806973312903632,0.9999137198276291
M_LB,gpr,3,0.08270407769894157,0.11297442669241321,0.7806973312903632,0.9999137198276291
M_LB,gpr,4,0.08270407769894157,0.11297442669241321,0.7806973312903632,0.9999137198276291
M_LB,gpr,5,0.08270407769894157,0.11297442669241321,0.7806973312903632,0.9999137198276291
M_LB,gpr,6,0.08270407769894157,0.11297442669241321,0.7806973312903632,0.9999137198276291
M_LB,gpr,7,0.08270407769894157,0.11297442669241321,0.7806973312903632,0.9999137198276291
M_LB,gpr,8,0.08270407769894157,0.11297442669241321,0.7806973312903632,0.9999137198276291
M_LB,gpr,9,0.08270407769894157,0.11297442669241321,0.7806973312903632,0.9999137198276291
M_LB,gpr,10,0.08270407769894157,0.11297442669241321,0.7806973312903632,0.9999137198276291
M_LB,gpr,11,0.08270407769894157,0.11297442669241321,0.7806973312903632,0.9999137198276291
M_LB,gpr,12,0.08270407769894157,0.11297442669241321,0.7806973312903632,0.9999137198276291
M_LB,gpr,13,0.08270407769894157,0.11297442669241321,0.7806973312903632,0.9999137198276291
M_LB,gpr,14,0.08270407769894157,0.11297442669241321,0.7806973312903632,0.9999137198276291
M_LB,gpr,15,0.08270407769894157,0.11297442669241321,0.7806973312903632,0.9999137198276291
M_LB,gpr,16,0.08270407769894157,0.11297442669241321,0.7806973312903632,0.9999137198276291
M_LB,gpr,17,0.08270407769894157,0.11297442669241321,0.7806973312903632,0.9999137198276291
M_LB,gpr,18,0.08270407769894157,0.11297442669241321,0.7806973312903632,0.9999137198276291
M_LB,gpr,19,0.08270407769894157,0.11297442669241321,0.7806973312903632,0.9999137198276291
M_LB,gpr,20,0.08270407769894157,0.11297442669241321,0.7806973312903632,0.9999137198276291
M_LB,gpr,21,0.08270407769894157,0.11297442669241321,0.7806973312903632,0.9999137198276291
M_LB,gpr,22,0.08270407769894157,0.11297442669241321,0.7806973312903632,0.9999137198276291
M_LB,gpr,23,0.08270407769894157,0.11297442669241321,0.7806973312903632,0.9999137198276291
M_LB,gpr,24,0.08270407769894157,0.11297442669241321,0.7806973312903632,0.9999137198276291
M_LB,gpr,25,0.08270407769894157,0.11297442669241321,0.7806973312903632,0.9999137198276291
M_LB,gpr,26,0.08270407769894157,0.11297442669241321,0.7806973312903632,0.9999137198276291
M_LB,gpr,27,0.08270407769894157,0.11297442669241321,0.7806973312903632,0.9999137198276291
M_LB,gpr,28,0.08270407769894157,0.11297442669241321,0.7806973312903632,0.9999137198276291
M_LB,gpr,29,0.08270407769894157,0.11297442669241321,0.7806973312903632,0.9999137198276291
M_LB,gpr,30,0.08270407769894157,0.11297442669241321,0.7806973312903632,0.9999137198276291
M_LB,lgbm,1,0.10155947457318495,0.12820168440475246,0.9488697181816337,0.9998888938306724
M_LB,lgbm,2,0.1036793420683761,0.13179683882675172,1.031662452856676,0.9998825749647204
M_LB,lgbm,3,0.10225687202300132,0.13037050310797751,0.9545099972014357,0.9998851028133293
M_LB,lgbm,4,0.10362131971064015,0.1287757529314883,0.980520207505137,0.9998878965682768
M_LB,lgbm,5,0.11255476517614581,0.14125843087053758,1.1179271318393649,0.9998651100892691
M_LB,lgbm,6,0.10576399031358164,0.13661633581347968,0.957062830220676,0.9998738300364088
M_LB,lgbm,7,0.10923144803346062,0.13736742088067527,1.0194985406033796,0.999872438916213
M_LB,lgbm,8,0.09905489611247374,0.12353327604125433,0.9602016869039701,0.9998968382669143
M_LB,lgbm,9,0.09807860031776137,0.12453380290277007,0.9072030435334426,0.9998951604344342
M_LB,lgbm,10,0.10196872504565364,0.1295144305679193,0.9611290009445739,0.9998866067944383
M_LB,lgbm,11,0.09868919920123614,0.1269588132561364,0.9230415016520267,0.9998910376602528
M_LB,lgbm,12,0.10989132861708238,0.13767667827182126,1.0787800271205499,0.999871863909213
M_LB,lgbm,13,0.09511422999437934,0.12575213583798162,0.9039011072982378,0.9998930990777408
M_LB,lgbm,14,0.10314731391774215,0.1289385849271182,0.9730496353914492,0.9998876128880677
M_LB,lgbm,15,0.10207035647234408,0.13102096012016626,0.9491639008170927,0.9998839534410683
M_LB,lgbm,16,0.10139462968441329,0.12946928088662965,0.9601107016785417,0.9998866858400658
M_LB,lgbm,17,0.10584142586493654,0.13605704946721567,0.9434740429073428,0.999874860962851
M_LB,lgbm,18,0.09869646744252604,0.12357496513311082,0.9321777011494478,0.9998967686266556
M_LB,lgbm,19,0.09722973195537223,0.12461225255495395,0.8939238461221917,0.9998950283061637
M_LB,lgbm,20,0.10897317040866185,0.14043590621738025,0.999370785081068,0.9998666763993822
M_LB,lgbm,21,0.11105341350518122,0.1422102010675424,1.0000661521044267,0.9998632862447135
M_LB,lgbm,22,0.10129926115926825,0.12487696189106834,0.949446197012581,0.9998945818572751
M_LB,lgbm,23,0.10966909615756626,0.13973397983922062,1.0443605621275078,0.999868005824037
M_LB,lgbm,24,0.0968098088194384,0.12269747892725787,0.9125344049831815,0.9998982294807104
M_LB,lgbm,25,0.09982402156120021,0.1297828801753552,0.9394042277632982,0.9998861362382409
M_LB,lgbm,26,0.1015060242066592,0.12800254556657928,0.958445198642142,0.9998892387304994
M_LB,lgbm,27,0.10925000101443737,0.13967083851197148,1.038650061948978,0.9998681250849994
M_LB,lgbm,28,0.10780349040752342,0.13865070544401656,0.9865803713378151,0.9998700444358186
M_LB,lgbm,29,0.10285653859163087,0.13497312735915298,0.942587345178255,0.999876846904275
M_LB,lgbm,30,0.09760686006100615,0.12218915545208174,0.891407307110314,0.9998990709842768
M_LB,dt,1,0.11885009600000006,0.17395471166080057,0.7055333145132509,0.9997954388744859
M_LB,dt,2,0.11959741222988511,0.17413523356751265,0.7151881626535981,0.9997950140866201
M_LB,dt,3,0.11785661002298856,0.1693962198145672,0.7216035463054173,0.9998060194702934
M_LB,dt,4,0.1174849771034483,0.1693340098242021,0.7128509900087118,0.9998061619210639
M_LB,dt,5,0.11653723126436784,0.16910752065634999,0.7037845170692649,0.9998066801024379
M_LB,dt,6,0.11661745600000004,0.16912472623007457,0.7056895607065623,0.9998066407623902
M_LB,dt,7,0.11649174197701151,0.16910539559783205,0.7000665731391106,0.9998066849610452
M_LB,dt,8,0.1202149640459771,0.17423744194678184,0.7270702876795577,0.9997947733837341
M_LB,dt,9,0.11885009600000006,0.17395471166080057,0.7055333145132509,0.9997954388744859
M_LB,dt,10,0.11988882041379317,0.17417902426547963,0.7220356753130064,0.9997949109758972
M_LB,dt,11,0.11653723126436784,0.16910752065634999,0.7037845170692649,0.9998066801024379
M_LB,dt,12,0.1174849771034483,0.1693340098242021,0.7128509900087118,0.9998061619210639
M_LB,dt,13,0.11868440183908052,0.17392966103177546,0.7043087894212943,0.9997954977865539
M_LB,dt,14,0.11723905820689656,0.1692910886045665,0.7097214212794577,0.9998062601731794
M_LB,dt,15,0.11868440183908052,0.17392966103177546,0.7043087894212943,0.9997954977865539
M_LB,dt,16,0.11893032073563226,0.17397143785360888,0.7074383581505481,0.9997953995344383
M_LB,dt,17,0.11860417710344832,0.1739129308210533,0.7024037457839969,0.9997955371266014
M_LB,dt,18,0.11678315016091957,0.16915048845558098,0.706914085798519,0.9998065818503223
M_LB,dt,19,0.11885009600000006,0.17395471166080057,0.7055333145132509,0.9997954388744859
M_LB,dt,20,0.11649174197701151,0.16910539559783205,0.7000665731391106,0.9998066849610452
M_LB,dt,21,0.11657196671264371,0.169122601387748,0.7019716167764078,0.9998066456209975
M_LB,dt,22,0.1202149640459771,0.17423744194678184,0.7270702876795577,0.9997947733837341
M_LB,dt,23,0.11661745600000004,0.16912472623007457,0.7056895607065623,0.9998066407623902
M_LB,dt,24,0.1202149640459771,0.17423744194678184,0.7270702876795577,0.9997947733837341
M_LB,dt,25,0.11967763696551731,0.17415194242233423,0.7170932062908952,0.9997949747465725
M_LB,dt,26,0.11753046639080462,0.16933613201375997,0.7165689339388661,0.9998061570624566
M_LB,dt,27,0.11967763696551731,0.17415194242233423,0.7170932062908952,0.9997949747465725
M_LB,dt,28,0.11897581002298858,0.17397350347420915,0.7111563020807028,0.999795394675831
M_LB,dt,29,0.11731928294252876,0.16930827552361113,0.711626464916755,0.9998062208331318
M_LB,dt,30,0.1174849771034483,0.1693340098242021,0.7128509900087118,0.9998061619210639
M_LB,svr,1,0.15517356766902057,0.2512189545305082,1.5402300158794429,0.9995733659442869
M_LB,svr,2,0.15517356766902057,0.2512189545305082,1.5402300158794429,0.9995733659442869
M_LB,svr,3,0.15517356766902057,0.2512189545305082,1.5402300158794429,0.9995733659442869
M_LB,svr,4,0.15517356766902057,0.2512189545305082,1.5402300158794429,0.9995733659442869
M_LB,svr,5,0.15517356766902057,0.2512189545305082,1.5402300158794429,0.9995733659442869
M_LB,svr,6,0.15517356766902057,0.2512189545305082,1.5402300158794429,0.9995733659442869
M_LB,svr,7,0.15517356766902057,0.2512189545305082,1.5402300158794429,0.9995733659442869
M_LB,svr,8,0.15517356766902057,0.2512189545305082,1.5402300158794429,0.9995733659442869
M_LB,svr,9,0.15517356766902057,0.2512189545305082,1.5402300158794429,0.9995733659442869
M_LB,svr,10,0.15517356766902057,0.2512189545305082,1.5402300158794429,0.9995733659442869
M_LB,svr,11,0.15517356766902057,0.2512189545305082,1.5402300158794429,0.9995733659442869
M_LB,svr,12,0.15517356766902057,0.2512189545305082,1.5402300158794429,0.9995733659442869
M_LB,svr,13,0.15517356766902057,0.2512189545305082,1.5402300158794429,0.9995733659442869
M_LB,svr,14,0.15517356766902057,0.2512189545305082,1.5402300158794429,0.9995733659442869
M_LB,svr,15,0.15517356766902057,0.2512189545305082,1.5402300158794429,0.9995733659442869
M_LB,svr,16,0.15517356766902057,0.2512189545305082,1.5402300158794429,0.9995733659442869
M_LB,svr,17,0.15517356766902057,0.2512189545305082,1.5402300158794429,0.9995733659442869
M_LB,svr,18,0.15517356766902057,0.2512189545305082,1.5402300158794429,0.9995733659442869
M_LB,svr,19,0.15517356766902057,0.2512189545305082,1.5402300158794429,0.9995733659442869
M_LB,svr,20,0.15517356766902057,0.2512189545305082,1.5402300158794429,0.9995733659442869
M_LB,svr,21,0.15517356766902057,0.2512189545305082,1.5402300158794429,0.9995733659442869
M_LB,svr,22,0.15517356766902057,0.2512189545305082,1.5402300158794429,0.9995733659442869
M_LB,svr,23,0.15517356766902057,0.2512189545305082,1.5402300158794429,0.9995733659442869
M_LB,svr,24,0.15517356766902057,0.2512189545305082,1.5402300158794429,0.9995733659442869
M_LB,svr,25,0.15517356766902057,0.2512189545305082,1.5402300158794429,0.9995733659442869
M_LB,svr,26,0.15517356766902057,0.2512189545305082,1.5402300158794429,0.9995733659442869
M_LB,svr,27,0.15517356766902057,0.2512189545305082,1.5402300158794429,0.9995733659442869
M_LB,svr,28,0.15517356766902057,0.2512189545305082,1.5402300158794429,0.9995733659442869
M_LB,svr,29,0.15517356766902057,0.2512189545305082,1.5402300158794429,0.9995733659442869
M_LB,svr,30,0.15517356766902057,0.2512189545305082,1.5402300158794429,0.9995733659442869
M_LB,gbrt,1,0.17789938488199902,0.2573429006366303,1.62204257130933,0.9995523123691515
M_LB,gbrt,2,0.1778993848819985,0.25734290063662985,1.6220425713093216,0.9995523123691515
M_LB,gbrt,3,0.17789938488199908,0.2573429006366306,1.6220425713093272,0.9995523123691515
M_LB,gbrt,4,0.17789938488199894,0.2573429006366303,1.6220425713093272,0.9995523123691515
M_LB,gbrt,5,0.17789938488199875,0.2573429006366302,1.622042571309327,0.9995523123691515
M_LB,gbrt,6,0.17789938488199883,0.2573429006366303,1.6220425713093303,0.9995523123691515
M_LB,gbrt,7,0.1778993848819988,0.2573429006366301,1.6220425713093247,0.9995523123691515
M_LB,gbrt,8,0.17789938488199858,0.2573429006366299,1.6220425713093254,0.9995523123691515
M_LB,gbrt,9,0.17789938488199863,0.25734290063663,1.6220425713093276,0.9995523123691515
M_LB,gbrt,10,0.17789938488199852,0.25734290063663,1.622042571309321,0.9995523123691515
M_LB,gbrt,11,0.17789938488199822,0.25734290063662957,1.6220425713093223,0.9995523123691515
M_LB,gbrt,12,0.1778993848819985,0.25734290063662996,1.622042571309326,0.9995523123691515
M_LB,gbrt,13,0.17789938488199855,0.25734290063662973,1.622042571309326,0.9995523123691515
M_LB,gbrt,14,0.17789938488199866,0.25734290063663,1.6220425713093272,0.9995523123691515
M_LB,gbrt,15,0.17789938488199863,0.2573429006366301,1.6220425713093258,0.9995523123691515
M_LB,gbrt,16,0.17789938488199872,0.25734290063662996,1.6220425713093254,0.9995523123691515
M_LB,gbrt,17,0.1778993848819986,0.25734290063663007,1.6220425713093254,0.9995523123691515
M_LB,gbrt,18,0.17789938488199863,0.25734290063662996,1.622042571309326,0.9995523123691515
M_LB,gbrt,19,0.1778993848819988,0.2573429006366302,1.6220425713093245,0.9995523123691515
M_LB,gbrt,20,0.17789938488199875,0.2573429006366302,1.6220425713093276,0.9995523123691515
M_LB,gbrt,21,0.1778993848819986,0.2573429006366302,1.6220425713093272,0.9995523123691515
M_LB,gbrt,22,0.17789938488199872,0.25734290063663007,1.6220425713093276,0.9995523123691515
M_LB,gbrt,23,0.17789938488199833,0.2573429006366299,1.6220425713093245,0.9995523123691515
M_LB,gbrt,24,0.17789938488199852,0.25734290063662985,1.622042571309324,0.9995523123691515
M_LB,gbrt,25,0.17789938488199866,0.2573429006366301,1.6220425713093258,0.9995523123691515
M_LB,gbrt,26,0.1778993848819989,0.25734290063662996,1.6220425713093265,0.9995523123691515
M_LB,gbrt,27,0.17789938488199844,0.2573429006366301,1.6220425713093258,0.9995523123691515
M_LB,gbrt,28,0.17789938488199816,0.25734290063662957,1.6220425713093245,0.9995523123691515
M_LB,gbrt,29,0.17789938488199866,0.25734290063662996,1.6220425713093276,0.9995523123691515
M_LB,gbrt,30,0.1778993848819987,0.2573429006366302,1.6220425713093283,0.9995523123691515
M_LB,catboost,1,0.20291469051438338,0.36880189984161627,2.504543682954848,0.9990805311703719
M_LB,catboost,2,0.20291469051438338,0.36880189984161627,2.504543682954848,0.9990805311703719
M_LB,catboost,3,0.20291469051438338,0.36880189984161627,2.504543682954848,0.9990805311703719
M_LB,catboost,4,0.20291469051438338,0.36880189984161627,2.504543682954848,0.9990805311703719
M_LB,catboost,5,0.20291469051438338,0.36880189984161627,2.504543682954848,0.9990805311703719
M_LB,catboost,6,0.20291469051438338,0.36880189984161627,2.504543682954848,0.9990805311703719
M_LB,catboost,7,0.20291469051438338,0.36880189984161627,2.504543682954848,0.9990805311703719
M_LB,catboost,8,0.20291469051438338,0.36880189984161627,2.504543682954848,0.9990805311703719
M_LB,catboost,9,0.20291469051438338,0.36880189984161627,2.504543682954848,0.9990805311703719
M_LB,catboost,10,0.20291469051438338,0.36880189984161627,2.504543682954848,0.9990805311703719
M_LB,catboost,11,0.20291469051438338,0.36880189984161627,2.504543682954848,0.9990805311703719
M_LB,catboost,12,0.20291469051438338,0.36880189984161627,2.504543682954848,0.9990805311703719
M_LB,catboost,13,0.20291469051438338,0.36880189984161627,2.504543682954848,0.9990805311703719
M_LB,catboost,14,0.20291469051438338,0.36880189984161627,2.504543682954848,0.9990805311703719
M_LB,catboost,15,0.20291469051438338,0.36880189984161627,2.504543682954848,0.9990805311703719
M_LB,catboost,16,0.20291469051438338,0.36880189984161627,2.504543682954848,0.9990805311703719
M_LB,catboost,17,0.20291469051438338,0.36880189984161627,2.504543682954848,0.9990805311703719
M_LB,catboost,18,0.20291469051438338,0.36880189984161627,2.504543682954848,0.9990805311703719
M_LB,catboost,19,0.20291469051438338,0.36880189984161627,2.504543682954848,0.9990805311703719
M_LB,catboost,20,0.20291469051438338,0.36880189984161627,2.504543682954848,0.9990805311703719
M_LB,catboost,21,0.20291469051438338,0.36880189984161627,2.504543682954848,0.9990805311703719
M_LB,catboost,22,0.20291469051438338,0.36880189984161627,2.504543682954848,0.9990805311703719
M_LB,catboost,23,0.20291469051438338,0.36880189984161627,2.504543682954848,0.9990805311703719
M_LB,catboost,24,0.20291469051438338,0.36880189984161627,2.504543682954848,0.9990805311703719
M_LB,catboost,25,0.20291469051438338,0.36880189984161627,2.504543682954848,0.9990805311703719
M_LB,catboost,26,0.20291469051438338,0.36880189984161627,2.504543682954848,0.9990805311703719
M_LB,catboost,27,0.20291469051438338,0.36880189984161627,2.504543682954848,0.9990805311703719
M_LB,catboost,28,0.20291469051438338,0.36880189984161627,2.504543682954848,0.9990805311703719
M_LB,catboost,29,0.20291469051438338,0.36880189984161627,2.504543682954848,0.9990805311703719
M_LB,catboost,30,0.20291469051438338,0.36880189984161627,2.504543682954848,0.9990805311703719
M_LB,histgbr,1,0.342212821686403,0.43297637879032264,2.8366596750023785,0.9987327009199498
M_LB,histgbr,2,0.342212821686403,0.43297637879032264,2.8366596750023785,0.9987327009199498
M_LB,histgbr,3,0.342212821686403,0.43297637879032264,2.8366596750023785,0.9987327009199498
M_LB,histgbr,4,0.342212821686403,0.43297637879032264,2.8366596750023785,0.9987327009199498
M_LB,histgbr,5,0.342212821686403,0.43297637879032264,2.8366596750023785,0.9987327009199498
M_LB,histgbr,6,0.342212821686403,0.43297637879032264,2.8366596750023785,0.9987327009199498
M_LB,histgbr,7,0.342212821686403,0.43297637879032264,2.8366596750023785,0.9987327009199498
M_LB,histgbr,8,0.342212821686403,0.43297637879032264,2.8366596750023785,0.9987327009199498
M_LB,histgbr,9,0.342212821686403,0.43297637879032264,2.8366596750023785,0.9987327009199498
M_LB,histgbr,10,0.342212821686403,0.43297637879032264,2.8366596750023785,0.9987327009199498
M_LB,histgbr,11,0.342212821686403,0.43297637879032264,2.8366596750023785,0.9987327009199498
M_LB,histgbr,12,0.342212821686403,0.43297637879032264,2.8366596750023785,0.9987327009199498
M_LB,histgbr,13,0.342212821686403,0.43297637879032264,2.8366596750023785,0.9987327009199498
M_LB,histgbr,14,0.342212821686403,0.43297637879032264,2.8366596750023785,0.9987327009199498
M_LB,histgbr,15,0.342212821686403,0.43297637879032264,2.8366596750023785,0.9987327009199498
M_LB,histgbr,16,0.342212821686403,0.43297637879032264,2.8366596750023785,0.9987327009199498
M_LB,histgbr,17,0.342212821686403,0.43297637879032264,2.8366596750023785,0.9987327009199498
M_LB,histgbr,18,0.342212821686403,0.43297637879032264,2.8366596750023785,0.9987327009199498
M_LB,histgbr,19,0.342212821686403,0.43297637879032264,2.8366596750023785,0.9987327009199498
M_LB,histgbr,20,0.342212821686403,0.43297637879032264,2.8366596750023785,0.9987327009199498
M_LB,histgbr,21,0.342212821686403,0.43297637879032264,2.8366596750023785,0.9987327009199498
M_LB,histgbr,22,0.342212821686403,0.43297637879032264,2.8366596750023785,0.9987327009199498
M_LB,histgbr,23,0.342212821686403,0.43297637879032264,2.8366596750023785,0.9987327009199498
M_LB,histgbr,24,0.342212821686403,0.43297637879032264,2.8366596750023785,0.9987327009199498
M_LB,histgbr,25,0.342212821686403,0.43297637879032264,2.8366596750023785,0.9987327009199498
M_LB,histgbr,26,0.342212821686403,0.43297637879032264,2.8366596750023785,0.9987327009199498
M_LB,histgbr,27,0.342212821686403,0.43297637879032264,2.8366596750023785,0.9987327009199498
M_LB,histgbr,28,0.342212821686403,0.43297637879032264,2.8366596750023785,0.9987327009199498
M_LB,histgbr,29,0.342212821686403,0.43297637879032264,2.8366596750023785,0.9987327009199498
M_LB,histgbr,30,0.342212821686403,0.43297637879032264,2.8366596750023785,0.9987327009199498
M_LB,rf,1,1.0143443171949411,1.2941739658111884,7.938675038531429,0.9886776642276368
M_LB,rf,2,1.0033002538338676,1.2607368870735505,8.35624754964622,0.9892551679539738
M_LB,rf,3,1.0464219954320293,1.3534281289984798,8.209670355697867,0.987617135842124
M_LB,rf,4,1.0072754349589252,1.2869221550713676,7.950930631329912,0.988804196512724
M_LB,rf,5,1.0271929961875848,1.3230188221462558,8.00871939998082,0.9881673298708176
M_LB,rf,6,1.0292907183797693,1.291630454259424,8.256134303192281,0.9887221253170374
M_LB,rf,7,0.9659803859581569,1.2242544335267256,7.757825532753869,0.9898680256246487
M_LB,rf,8,0.9929669642239048,1.2658021809336482,7.855769535770488,0.9891686549532742
M_LB,rf,9,1.046638630925974,1.3420252146766725,8.100183975768314,0.9878249132825321
M_LB,rf,10,0.993839296144211,1.2657280250048468,8.031658181674645,0.9891699240061113
M_LB,rf,11,0.9880973638272795,1.2527042417664913,7.808822166550229,0.9893916507841762
M_LB,rf,12,1.0178498775888076,1.2975165171237155,7.8716225795444625,0.9886191027631677
M_LB,rf,13,1.0201881491294984,1.3037726820565065,8.147292418748204,0.9885090888686261
M_LB,rf,14,1.034573310818236,1.335208743631724,8.17474121425965,0.987948279608531
M_LB,rf,15,1.0030574268449013,1.2835226824605126,7.911674067444288,0.9888632669990672
M_LB,rf,16,1.0025017882078138,1.270991978736833,7.965010395494589,0.9890796556967075
M_LB,rf,17,1.0445196111031414,1.3666607482749953,8.112001637895014,0.9873738148246969
M_LB,rf,18,0.9975321791978519,1.2550684713221345,8.032122111734193,0.989351570709077
M_LB,rf,19,0.9843479268444434,1.2733744370850053,7.867389601819053,0.9890386772320074
M_LB,rf,20,1.0377761823756295,1.3324177623053977,8.12897013504896,0.9879986102732974
M_LB,rf,21,0.9990187913233644,1.2841511282746654,7.994907078333381,0.9888523586657154
M_LB,rf,22,1.0067880623500378,1.298199082852763,7.8590030356090885,0.9886071256460025
M_LB,rf,23,1.0110999845826822,1.3169852093448478,8.121881933842337,0.9882750092984535
M_LB,rf,24,1.0166499059970886,1.2860125710411534,8.053428207054516,0.9888200170892982
M_LB,rf,25,0.9781699759051324,1.2613970409065987,7.508799446178341,0.9892439124743664
M_LB,rf,26,1.017699570601684,1.3152342621982394,7.939868555385863,0.9883061655962425
M_LB,rf,27,1.019570407392643,1.3051288021718035,8.08692267055229,0.9884851718771039
M_LB,rf,28,0.9839006806727936,1.2594246842025647,7.830128685452899,0.9892775232322559
M_LB,rf,29,0.9588484672384653,1.224138430398171,7.574436562047944,0.9898699456259321
M_LB,rf,30,0.9905670136606858,1.2812191869909437,7.8251685083003535,0.9889032045781988
M_LB,adaboost,1,1.8732826588703482,2.2520392059963013,17.678718763093382,0.9657151222133862
M_LB,adaboost,2,2.1431235976418535,2.648213555762139,18.0038579573217,0.9525914447670617
M_LB,adaboost,3,1.8558711209437417,2.210845215850532,17.767371381444164,0.966957919259649
M_LB,adaboost,4,1.7669541614615958,2.0805242029151745,16.322503269000364,0.9707385221390449
M_LB,adaboost,5,1.8498979830601077,2.172846726978301,17.783165925206458,0.968083967678014
M_LB,adaboost,6,1.796280107254426,2.1358197180552096,16.664466654526358,0.9691624479795706
M_LB,adaboost,7,2.1203095974688515,2.7192786491880203,16.332163076480146,0.9500128774985936
M_LB,adaboost,8,1.8802055325937896,2.2038640647275796,16.894334289455255,0.9671662627141102
M_LB,adaboost,9,1.8207799846140125,2.2298038508709075,16.35240145273208,0.966388798757446
M_LB,adaboost,10,1.7660708368053137,2.0892617663974615,16.326177029870458,0.9704922275789841
M_LB,adaboost,11,1.8409071820688887,2.208612696158346,17.651106862226868,0.9670246175976888
M_LB,adaboost,12,1.930129747992329,2.2153927080662537,18.7980173182347,0.9668218508117077
M_LB,adaboost,13,1.8307088866492252,2.174129727490231,18.161276409507252,0.968046265639795
M_LB,adaboost,14,1.8185796385383572,2.1552050461195638,17.47770964761966,0.9686001262217917
M_LB,adaboost,15,1.918186324599506,2.2489074998628187,17.744664909082356,0.9658104096371611
M_LB,adaboost,16,1.931535619618582,2.226350839630545,17.816966597750902,0.9664928168684029
M_LB,adaboost,17,2.099255515129701,2.6699691531813676,16.824878588466476,0.9518093038986244
M_LB,adaboost,18,1.9220677209388248,2.192954855879894,18.86514936045284,0.9674905146277268
M_LB,adaboost,19,1.8851334622164662,2.176134836658979,18.6610648199788,0.9679872992682763
M_LB,adaboost,20,1.8557190791405977,2.1524468386205067,17.85690028961355,0.9686804452131624
M_LB,adaboost,21,2.0049775896495707,2.425526316665824,16.405603428884323,0.9602293495529995
M_LB,adaboost,22,1.8789789854377827,2.184037754738264,18.5591838310523,0.9677543604475315
M_LB,adaboost,23,2.2142078637290035,2.616182468592293,18.609946869215545,0.9537313557646931
M_LB,adaboost,24,1.7293194190732437,2.0574496389551693,17.176589107418465,0.9713839860360555
M_LB,adaboost,25,1.830441925101208,2.1540449727940785,17.57171950629674,0.9686339200852396
M_LB,adaboost,26,1.7538183085271415,2.0757604762537496,16.462340363134476,0.9708723673486787
M_LB,adaboost,27,2.081037576272944,2.497616492557405,17.186193559309412,0.9578301342056953
M_LB,adaboost,28,1.919088859574191,2.209769892132757,18.82196404986384,0.9669900538405589
M_LB,adaboost,29,1.706750587139116,2.084737158576328,15.457703921332143,0.9706198961468316
M_LB,adaboost,30,1.7823338553003452,2.1099175997037247,15.976919327222822,0.9699058763257354
M_LB,knn,1,2.6681983981042965,3.430654574503804,24.50564317151055,0.9204381824252074
M_LB,knn,2,2.6681983981042965,3.430654574503804,24.50564317151055,0.9204381824252074
M_LB,knn,3,2.6681983981042965,3.430654574503804,24.50564317151055,0.9204381824252074
M_LB,knn,4,2.6681983981042965,3.430654574503804,24.50564317151055,0.9204381824252074
M_LB,knn,5,2.6681983981042965,3.430654574503804,24.50564317151055,0.9204381824252074
M_LB,knn,6,2.6681983981042965,3.430654574503804,24.50564317151055,0.9204381824252074
M_LB,knn,7,2.6681983981042965,3.430654574503804,24.50564317151055,0.9204381824252074
M_LB,knn,8,2.6681983981042965,3.430654574503804,24.50564317151055,0.9204381824252074
M_LB,knn,9,2.6681983981042965,3.430654574503804,24.50564317151055,0.9204381824252074
M_LB,knn,10,2.6681983981042965,3.430654574503804,24.50564317151055,0.9204381824252074
M_LB,knn,11,2.6681983981042965,3.430654574503804,24.50564317151055,0.9204381824252074
M_LB,knn,12,2.6681983981042965,3.430654574503804,24.50564317151055,0.9204381824252074
M_LB,knn,13,2.6681983981042965,3.430654574503804,24.50564317151055,0.9204381824252074
M_LB,knn,14,2.6681983981042965,3.430654574503804,24.50564317151055,0.9204381824252074
M_LB,knn,15,2.6681983981042965,3.430654574503804,24.50564317151055,0.9204381824252074
M_LB,knn,16,2.6681983981042965,3.430654574503804,24.50564317151055,0.9204381824252074
M_LB,knn,17,2.6681983981042965,3.430654574503804,24.50564317151055,0.9204381824252074
M_LB,knn,18,2.6681983981042965,3.430654574503804,24.50564317151055,0.9204381824252074
M_LB,knn,19,2.6681983981042965,3.430654574503804,24.50564317151055,0.9204381824252074
M_LB,knn,20,2.6681983981042965,3.430654574503804,24.50564317151055,0.9204381824252074
M_LB,knn,21,2.6681983981042965,3.430654574503804,24.50564317151055,0.9204381824252074
M_LB,knn,22,2.6681983981042965,3.430654574503804,24.50564317151055,0.9204381824252074
M_LB,knn,23,2.6681983981042965,3.430654574503804,24.50564317151055,0.9204381824252074
M_LB,knn,24,2.6681983981042965,3.430654574503804,24.50564317151055,0.9204381824252074
M_LB,knn,25,2.6681983981042965,3.430654574503804,24.50564317151055,0.9204381824252074
M_LB,knn,26,2.6681983981042965,3.430654574503804,24.50564317151055,0.9204381824252074
M_LB,knn,27,2.6681983981042965,3.430654574503804,24.50564317151055,0.9204381824252074
M_LB,knn,28,2.6681983981042965,3.430654574503804,24.50564317151055,0.9204381824252074
M_LB,knn,29,2.6681983981042965,3.430654574503804,24.50564317151055,0.9204381824252074
M_LB,knn,30,2.6681983981042965,3.430654574503804,24.50564317151055,0.9204381824252074
M_LB,lasso,1,2.772886563788586,3.8882583754482973,28.1249343166245,0.8977976353493355
M_LB,lasso,2,2.772886563788586,3.8882583754482973,28.1249343166245,0.8977976353493355
M_LB,lasso,3,2.772886563788586,3.8882583754482973,28.1249343166245,0.8977976353493355
M_LB,lasso,4,2.772886563788586,3.8882583754482973,28.1249343166245,0.8977976353493355
M_LB,lasso,5,2.772886563788586,3.8882583754482973,28.1249343166245,0.8977976353493355
M_LB,lasso,6,2.772886563788586,3.8882583754482973,28.1249343166245,0.8977976353493355
M_LB,lasso,7,2.772886563788586,3.8882583754482973,28.1249343166245,0.8977976353493355
M_LB,lasso,8,2.772886563788586,3.8882583754482973,28.1249343166245,0.8977976353493355
M_LB,lasso,9,2.772886563788586,3.8882583754482973,28.1249343166245,0.8977976353493355
M_LB,lasso,10,2.772886563788586,3.8882583754482973,28.1249343166245,0.8977976353493355
M_LB,lasso,11,2.772886563788586,3.8882583754482973,28.1249343166245,0.8977976353493355
M_LB,lasso,12,2.772886563788586,3.8882583754482973,28.1249343166245,0.8977976353493355
M_LB,lasso,13,2.772886563788586,3.8882583754482973,28.1249343166245,0.8977976353493355
M_LB,lasso,14,2.772886563788586,3.8882583754482973,28.1249343166245,0.8977976353493355
M_LB,lasso,15,2.772886563788586,3.8882583754482973,28.1249343166245,0.8977976353493355
M_LB,lasso,16,2.772886563788586,3.8882583754482973,28.1249343166245,0.8977976353493355
M_LB,lasso,17,2.772886563788586,3.8882583754482973,28.1249343166245,0.8977976353493355
M_LB,lasso,18,2.772886563788586,3.8882583754482973,28.1249343166245,0.8977976353493355
M_LB,lasso,19,2.772886563788586,3.8882583754482973,28.1249343166245,0.8977976353493355
M_LB,lasso,20,2.772886563788586,3.8882583754482973,28.1249343166245,0.8977976353493355
M_LB,lasso,21,2.772886563788586,3.8882583754482973,28.1249343166245,0.8977976353493355
M_LB,lasso,22,2.772886563788586,3.8882583754482973,28.1249343166245,0.8977976353493355
M_LB,lasso,23,2.772886563788586,3.8882583754482973,28.1249343166245,0.8977976353493355
M_LB,lasso,24,2.772886563788586,3.8882583754482973,28.1249343166245,0.8977976353493355
M_LB,lasso,25,2.772886563788586,3.8882583754482973,28.1249343166245,0.8977976353493355
M_LB,lasso,26,2.772886563788586,3.8882583754482973,28.1249343166245,0.8977976353493355
M_LB,lasso,27,2.772886563788586,3.8882583754482973,28.1249343166245,0.8977976353493355
M_LB,lasso,28,2.772886563788586,3.8882583754482973,28.1249343166245,0.8977976353493355
M_LB,lasso,29,2.772886563788586,3.8882583754482973,28.1249343166245,0.8977976353493355
M_LB,lasso,30,2.772886563788586,3.8882583754482973,28.1249343166245,0.8977976353493355
M_LB,elasticnet,1,2.773284702875365,3.8889767856711015,28.12407374176103,0.8977598652222224
M_LB,elasticnet,2,2.773284702875365,3.8889767856711015,28.12407374176103,0.8977598652222224
M_LB,elasticnet,3,2.773284702875365,3.8889767856711015,28.12407374176103,0.8977598652222224
M_LB,elasticnet,4,2.773284702875365,3.8889767856711015,28.12407374176103,0.8977598652222224
M_LB,elasticnet,5,2.773284702875365,3.8889767856711015,28.12407374176103,0.8977598652222224
M_LB,elasticnet,6,2.773284702875365,3.8889767856711015,28.12407374176103,0.8977598652222224
M_LB,elasticnet,7,2.773284702875365,3.8889767856711015,28.12407374176103,0.8977598652222224
M_LB,elasticnet,8,2.773284702875365,3.8889767856711015,28.12407374176103,0.8977598652222224
M_LB,elasticnet,9,2.773284702875365,3.8889767856711015,28.12407374176103,0.8977598652222224
M_LB,elasticnet,10,2.773284702875365,3.8889767856711015,28.12407374176103,0.8977598652222224
M_LB,elasticnet,11,2.773284702875365,3.8889767856711015,28.12407374176103,0.8977598652222224
M_LB,elasticnet,12,2.773284702875365,3.8889767856711015,28.12407374176103,0.8977598652222224
M_LB,elasticnet,13,2.773284702875365,3.8889767856711015,28.12407374176103,0.8977598652222224
M_LB,elasticnet,14,2.773284702875365,3.8889767856711015,28.12407374176103,0.8977598652222224
M_LB,elasticnet,15,2.773284702875365,3.8889767856711015,28.12407374176103,0.8977598652222224
M_LB,elasticnet,16,2.773284702875365,3.8889767856711015,28.12407374176103,0.8977598652222224
M_LB,elasticnet,17,2.773284702875365,3.8889767856711015,28.12407374176103,0.8977598652222224
M_LB,elasticnet,18,2.773284702875365,3.8889767856711015,28.12407374176103,0.8977598652222224
M_LB,elasticnet,19,2.773284702875365,3.8889767856711015,28.12407374176103,0.8977598652222224
M_LB,elasticnet,20,2.773284702875365,3.8889767856711015,28.12407374176103,0.8977598652222224
M_LB,elasticnet,21,2.773284702875365,3.8889767856711015,28.12407374176103,0.8977598652222224
M_LB,elasticnet,22,2.773284702875365,3.8889767856711015,28.12407374176103,0.8977598652222224
M_LB,elasticnet,23,2.773284702875365,3.8889767856711015,28.12407374176103,0.8977598652222224
M_LB,elasticnet,24,2.773284702875365,3.8889767856711015,28.12407374176103,0.8977598652222224
M_LB,elasticnet,25,2.773284702875365,3.8889767856711015,28.12407374176103,0.8977598652222224
M_LB,elasticnet,26,2.773284702875365,3.8889767856711015,28.12407374176103,0.8977598652222224
M_LB,elasticnet,27,2.773284702875365,3.8889767856711015,28.12407374176103,0.8977598652222224
M_LB,elasticnet,28,2.773284702875365,3.8889767856711015,28.12407374176103,0.8977598652222224
M_LB,elasticnet,29,2.773284702875365,3.8889767856711015,28.12407374176103,0.8977598652222224
M_LB,elasticnet,30,2.773284702875365,3.8889767856711015,28.12407374176103,0.8977598652222224
M_LB,ridge,1,2.7743286499997777,3.8915216070720806,28.091869058723955,0.8976260161277059
M_LB,ridge,2,2.7743286499997777,3.8915216070720806,28.091869058723955,0.8976260161277059
M_LB,ridge,3,2.7743286499997777,3.8915216070720806,28.091869058723955,0.8976260161277059
M_LB,ridge,4,2.7743286499997777,3.8915216070720806,28.091869058723955,0.8976260161277059
M_LB,ridge,5,2.7743286499997777,3.8915216070720806,28.091869058723955,0.8976260161277059
M_LB,ridge,6,2.7743286499997777,3.8915216070720806,28.091869058723955,0.8976260161277059
M_LB,ridge,7,2.7743286499997777,3.8915216070720806,28.091869058723955,0.8976260161277059
M_LB,ridge,8,2.7743286499997777,3.8915216070720806,28.091869058723955,0.8976260161277059
M_LB,ridge,9,2.7743286499997777,3.8915216070720806,28.091869058723955,0.8976260161277059
M_LB,ridge,10,2.7743286499997777,3.8915216070720806,28.091869058723955,0.8976260161277059
M_LB,ridge,11,2.7743286499997777,3.8915216070720806,28.091869058723955,0.8976260161277059
M_LB,ridge,12,2.7743286499997777,3.8915216070720806,28.091869058723955,0.8976260161277059
M_LB,ridge,13,2.7743286499997777,3.8915216070720806,28.091869058723955,0.8976260161277059
M_LB,ridge,14,2.7743286499997777,3.8915216070720806,28.091869058723955,0.8976260161277059
M_LB,ridge,15,2.7743286499997777,3.8915216070720806,28.091869058723955,0.8976260161277059
M_LB,ridge,16,2.7743286499997777,3.8915216070720806,28.091869058723955,0.8976260161277059
M_LB,ridge,17,2.7743286499997777,3.8915216070720806,28.091869058723955,0.8976260161277059
M_LB,ridge,18,2.7743286499997777,3.8915216070720806,28.091869058723955,0.8976260161277059
M_LB,ridge,19,2.7743286499997777,3.8915216070720806,28.091869058723955,0.8976260161277059
M_LB,ridge,20,2.7743286499997777,3.8915216070720806,28.091869058723955,0.8976260161277059
M_LB,ridge,21,2.7743286499997777,3.8915216070720806,28.091869058723955,0.8976260161277059
M_LB,ridge,22,2.7743286499997777,3.8915216070720806,28.091869058723955,0.8976260161277059
M_LB,ridge,23,2.7743286499997777,3.8915216070720806,28.091869058723955,0.8976260161277059
M_LB,ridge,24,2.7743286499997777,3.8915216070720806,28.091869058723955,0.8976260161277059
M_LB,ridge,25,2.7743286499997777,3.8915216070720806,28.091869058723955,0.8976260161277059
M_LB,ridge,26,2.7743286499997777,3.8915216070720806,28.091869058723955,0.8976260161277059
M_LB,ridge,27,2.7743286499997777,3.8915216070720806,28.091869058723955,0.8976260161277059
M_LB,ridge,28,2.7743286499997777,3.8915216070720806,28.091869058723955,0.8976260161277059
M_LB,ridge,29,2.7743286499997777,3.8915216070720806,28.091869058723955,0.8976260161277059
M_LB,ridge,30,2.7743286499997777,3.8915216070720806,28.091869058723955,0.8976260161277059
M_DB,xgb,1,0.10731329417196071,0.26533937844356403,0.7662479465379612,0.999284780646536
M_DB,xgb,2,0.1014847684395417,0.2559623119570821,0.733026815094125,0.9993344389606502
M_DB,xgb,3,0.10074725878542869,0.2730501298338307,0.7180984767025197,0.9992426081674299
M_DB,xgb,4,0.10686214443642975,0.2544697127392491,0.7580589405683761,0.9993421785330439
M_DB,xgb,5,0.10503978290552617,0.25525411370717405,0.7321091732149099,0.9993381168231735
M_DB,xgb,6,0.10594967930439854,0.26230696163462597,0.7499046652381003,0.9993010349239699
M_DB,xgb,7,0.09580397633501865,0.2722562145624039,0.653911702014074,0.9992470061200799
M_DB,xgb,8,0.11066209181341631,0.2699168393846637,0.7895072239830394,0.9992598908004516
M_DB,xgb,9,0.119644745083635,0.29004412878949737,0.8377218035976627,0.9991453978123988
M_DB,xgb,10,0.10508014975565994,0.27012537029374734,0.6984573757260134,0.9992587467794823
M_DB,xgb,11,0.1143841219561054,0.2713077148715254,0.8342108382806194,0.9992522436156178
M_DB,xgb,12,0.10233396829279486,0.2699215429606851,0.693287185857221,0.9992598650059127
M_DB,xgb,13,0.10644789554688226,0.26774173017423486,0.760248862542599,0.9992717709930801
M_DB,xgb,14,0.10045664036948466,0.2724949516955679,0.7222212717528964,0.9992456849644313
M_DB,xgb,15,0.10405975814352114,0.2520812468373484,0.7258156626105107,0.9993544692730196
M_DB,xgb,16,0.09854884205770437,0.27236563755142446,0.6785967560788801,0.9992464007241743
M_DB,xgb,17,0.09604820962242815,0.23324243516057713,0.8096651446585736,0.9994473489788599
M_DB,xgb,18,0.10454118008016945,0.2450834104345551,0.8330070300879228,0.9993898119853405
M_DB,xgb,19,0.11212722134568366,0.26511270163014855,0.7949220895198084,0.9992860021342366
M_DB,xgb,20,0.10569468085582115,0.2804800941219841,0.7116806755680429,0.9992008286029557
M_DB,xgb,21,0.11191543848400187,0.2660919126988118,0.7985440553670656,0.999280717998128
M_DB,xgb,22,0.10068780903551452,0.2808786481444666,0.6941461725865024,0.9991985557908707
M_DB,xgb,23,0.10186992961119644,0.2658618986954502,0.6910273129453015,0.9992819609778528
M_DB,xgb,24,0.10184928539051435,0.23497571097627307,0.8626675273730802,0.999439104717312
M_DB,xgb,25,0.09731646316116527,0.2735347702572351,0.6188980555405637,0.9992399171710847
M_DB,xgb,26,0.10962865855846075,0.28761338056854274,0.7280253036869508,0.9991596619737491
M_DB,xgb,27,0.10677496879219578,0.2631370261407633,0.7632322335530639,0.9992966042059288
M_DB,xgb,28,0.10426207827456566,0.25801949982815964,0.813121215609618,0.9993236976432774
M_DB,xgb,29,0.10891419042297946,0.2782151898200814,0.7316872837284516,0.9992136832662302
M_DB,xgb,30,0.1072655583960513,0.2669026766975687,0.7546564175679489,0.9992763281135747
M_DB,catboost,1,0.1351066826007638,0.2453062844137397,1.6147064833374964,0.999388701695042
M_DB,catboost,2,0.1351066826007638,0.2453062844137397,1.6147064833374964,0.999388701695042
M_DB,catboost,3,0.1351066826007638,0.2453062844137397,1.6147064833374964,0.999388701695042
M_DB,catboost,4,0.1351066826007638,0.2453062844137397,1.6147064833374964,0.999388701695042
M_DB,catboost,5,0.1351066826007638,0.2453062844137397,1.6147064833374964,0.999388701695042
M_DB,catboost,6,0.1351066826007638,0.2453062844137397,1.6147064833374964,0.999388701695042
M_DB,catboost,7,0.1351066826007638,0.2453062844137397,1.6147064833374964,0.999388701695042
M_DB,catboost,8,0.1351066826007638,0.2453062844137397,1.6147064833374964,0.999388701695042
M_DB,catboost,9,0.1351066826007638,0.2453062844137397,1.6147064833374964,0.999388701695042
M_DB,catboost,10,0.1351066826007638,0.2453062844137397,1.6147064833374964,0.999388701695042
M_DB,catboost,11,0.1351066826007638,0.2453062844137397,1.6147064833374964,0.999388701695042
M_DB,catboost,12,0.1351066826007638,0.2453062844137397,1.6147064833374964,0.999388701695042
M_DB,catboost,13,0.1351066826007638,0.2453062844137397,1.6147064833374964,0.999388701695042
M_DB,catboost,14,0.1351066826007638,0.2453062844137397,1.6147064833374964,0.999388701695042
M_DB,catboost,15,0.1351066826007638,0.2453062844137397,1.6147064833374964,0.999388701695042
M_DB,catboost,16,0.1351066826007638,0.2453062844137397,1.6147064833374964,0.999388701695042
M_DB,catboost,17,0.1351066826007638,0.2453062844137397,1.6147064833374964,0.999388701695042
M_DB,catboost,18,0.1351066826007638,0.2453062844137397,1.6147064833374964,0.999388701695042
M_DB,catboost,19,0.1351066826007638,0.2453062844137397,1.6147064833374964,0.999388701695042
M_DB,catboost,20,0.1351066826007638,0.2453062844137397,1.6147064833374964,0.999388701695042
M_DB,catboost,21,0.1351066826007638,0.2453062844137397,1.6147064833374964,0.999388701695042
M_DB,catboost,22,0.1351066826007638,0.2453062844137397,1.6147064833374964,0.999388701695042
M_DB,catboost,23,0.1351066826007638,0.2453062844137397,1.6147064833374964,0.999388701695042
M_DB,catboost,24,0.1351066826007638,0.2453062844137397,1.6147064833374964,0.999388701695042
M_DB,catboost,25,0.1351066826007638,0.2453062844137397,1.6147064833374964,0.999388701695042
M_DB,catboost,26,0.1351066826007638,0.2453062844137397,1.6147064833374964,0.999388701695042
M_DB,catboost,27,0.1351066826007638,0.2453062844137397,1.6147064833374964,0.999388701695042
M_DB,catboost,28,0.1351066826007638,0.2453062844137397,1.6147064833374964,0.999388701695042
M_DB,catboost,29,0.1351066826007638,0.2453062844137397,1.6147064833374964,0.999388701695042
M_DB,catboost,30,0.1351066826007638,0.2453062844137397,1.6147064833374964,0.999388701695042
M_DB,svr,1,0.15425283661544234,0.2968513500615842,1.5758297236998842,0.9991048127260304
M_DB,svr,2,0.15425283661544234,0.2968513500615842,1.5758297236998842,0.9991048127260304
M_DB,svr,3,0.15425283661544234,0.2968513500615842,1.5758297236998842,0.9991048127260304
M_DB,svr,4,0.15425283661544234,0.2968513500615842,1.5758297236998842,0.9991048127260304
M_DB,svr,5,0.15425283661544234,0.2968513500615842,1.5758297236998842,0.9991048127260304
M_DB,svr,6,0.15425283661544234,0.2968513500615842,1.5758297236998842,0.9991048127260304
M_DB,svr,7,0.15425283661544234,0.2968513500615842,1.5758297236998842,0.9991048127260304
M_DB,svr,8,0.15425283661544234,0.2968513500615842,1.5758297236998842,0.9991048127260304
M_DB,svr,9,0.15425283661544234,0.2968513500615842,1.5758297236998842,0.9991048127260304
M_DB,svr,10,0.15425283661544234,0.2968513500615842,1.5758297236998842,0.9991048127260304
M_DB,svr,11,0.15425283661544234,0.2968513500615842,1.5758297236998842,0.9991048127260304
M_DB,svr,12,0.15425283661544234,0.2968513500615842,1.5758297236998842,0.9991048127260304
M_DB,svr,13,0.15425283661544234,0.2968513500615842,1.5758297236998842,0.9991048127260304
M_DB,svr,14,0.15425283661544234,0.2968513500615842,1.5758297236998842,0.9991048127260304
M_DB,svr,15,0.15425283661544234,0.2968513500615842,1.5758297236998842,0.9991048127260304
M_DB,svr,16,0.15425283661544234,0.2968513500615842,1.5758297236998842,0.9991048127260304
M_DB,svr,17,0.15425283661544234,0.2968513500615842,1.5758297236998842,0.9991048127260304
M_DB,svr,18,0.15425283661544234,0.2968513500615842,1.5758297236998842,0.9991048127260304
M_DB,svr,19,0.15425283661544234,0.2968513500615842,1.5758297236998842,0.9991048127260304
M_DB,svr,20,0.15425283661544234,0.2968513500615842,1.5758297236998842,0.9991048127260304
M_DB,svr,21,0.15425283661544234,0.2968513500615842,1.5758297236998842,0.9991048127260304
M_DB,svr,22,0.15425283661544234,0.2968513500615842,1.5758297236998842,0.9991048127260304
M_DB,svr,23,0.15425283661544234,0.2968513500615842,1.5758297236998842,0.9991048127260304
M_DB,svr,24,0.15425283661544234,0.2968513500615842,1.5758297236998842,0.9991048127260304
M_DB,svr,25,0.15425283661544234,0.2968513500615842,1.5758297236998842,0.9991048127260304
M_DB,svr,26,0.15425283661544234,0.2968513500615842,1.5758297236998842,0.9991048127260304
M_DB,svr,27,0.15425283661544234,0.2968513500615842,1.5758297236998842,0.9991048127260304
M_DB,svr,28,0.15425283661544234,0.2968513500615842,1.5758297236998842,0.9991048127260304
M_DB,svr,29,0.15425283661544234,0.2968513500615842,1.5758297236998842,0.9991048127260304
M_DB,svr,30,0.15425283661544234,0.2968513500615842,1.5758297236998842,0.9991048127260304
M_DB,lgbm,1,0.17432033729667337,0.3154131879218265,1.332153890389396,0.9989893621979912
M_DB,lgbm,2,0.18116794533507818,0.3193741498874565,1.3886165520742046,0.9989638196175239
M_DB,lgbm,3,0.17630355697384925,0.31303962095087806,1.3562517133108334,0.9990045155950985
M_DB,lgbm,4,0.17824640684138227,0.3131670664593235,1.4860992868776228,0.9990037048616739
M_DB,lgbm,5,0.17395466560681316,0.312589002663117,1.3196727660771943,0.9990073795176289
M_DB,lgbm,6,0.17362804883477165,0.30946087976266734,1.318191649134251,0.9990271467042658
M_DB,lgbm,7,0.17937253383773466,0.3146123528739573,1.378214716931269,0.9989944877078122
M_DB,lgbm,8,0.16650378499902294,0.30688426230323507,1.2235106961295226,0.9990432795048426
M_DB,lgbm,9,0.1854025382981567,0.31167107127138277,1.583659503743104,0.9990132007056169
M_DB,lgbm,10,0.18408380278536157,0.3261764380874986,1.474179296658976,0.9989192107547257
M_DB,lgbm,11,0.16261993766356803,0.2942955874528179,1.1943748162892807,0.999120160726325
M_DB,lgbm,12,0.17280245533274766,0.304295579664324,1.3817830128708348,0.9990593520137726
M_DB,lgbm,13,0.17289972862259714,0.31253012138465847,1.2873914815068197,0.9990077534351872
M_DB,lgbm,14,0.17469091428694247,0.3042079255130722,1.39159818894079,0.9990598938542133
M_DB,lgbm,15,0.18403649982395626,0.31158247063288874,1.548965261052551,0.9990137616727925
M_DB,lgbm,16,0.16912911797570354,0.3053230943317957,1.2766943056577371,0.9990529887176395
M_DB,lgbm,17,0.18967813661273875,0.32728109173957215,1.499084970685689,0.9989118777942829
M_DB,lgbm,18,0.1738657775857157,0.3115906517106859,1.358739574745844,0.9990137098816991
M_DB,lgbm,19,0.17190665016515003,0.3113647321786967,1.2853615658890463,0.9990151395871273
M_DB,lgbm,20,0.1716374497785968,0.30413849687571437,1.399570341553356,0.9990603229215385
M_DB,lgbm,21,0.1850778894233349,0.32196620055850234,1.53126321197657,0.9989469320190411
M_DB,lgbm,22,0.16522760015590393,0.307555091806926,1.244649375922231,0.9990390922728671
M_DB,lgbm,23,0.18048799052175737,0.31690972136752793,1.426594017820677,0.9989797491483104
M_DB,lgbm,24,0.18369466004651044,0.3175926855765935,1.5371193749045775,0.998975346975758
M_DB,lgbm,25,0.1738802289471231,0.3070288706431406,1.3773952927181292,0.9990423776511097
M_DB,lgbm,26,0.16636252743076177,0.30472858952038506,1.2497024835175108,0.9990566730419078
M_DB,lgbm,27,0.17634997578335962,0.3197139572398257,1.3159030372523015,0.9989616134964157
M_DB,lgbm,28,0.17799224067750216,0.3122356732799703,1.363587905388357,0.9990096222309911
M_DB,lgbm,29,0.1664544768289534,0.30417744107635786,1.233369546721385,0.9990600822593664
M_DB,lgbm,30,0.1743957366453241,0.306754652860561,1.3403465884655679,0.999044087456506
M_DB,gpr,1,0.20008025630408502,0.35221008565667505,1.8894626846565683,0.998739800164031
M_DB,gpr,2,0.20008025630408502,0.35221008565667505,1.8894626846565683,0.998739800164031
M_DB,gpr,3,0.20008025630408502,0.35221008565667505,1.8894626846565683,0.998739800164031
M_DB,gpr,4,0.20008025630408502,0.35221008565667505,1.8894626846565683,0.998739800164031
M_DB,gpr,5,0.20008025630408502,0.35221008565667505,1.8894626846565683,0.998739800164031
M_DB,gpr,6,0.20008025630408502,0.35221008565667505,1.8894626846565683,0.998739800164031
M_DB,gpr,7,0.20008025630408502,0.35221008565667505,1.8894626846565683,0.998739800164031
M_DB,gpr,8,0.20008025630408502,0.35221008565667505,1.8894626846565683,0.998739800164031
M_DB,gpr,9,0.20008025630408502,0.35221008565667505,1.8894626846565683,0.998739800164031
M_DB,gpr,10,0.20008025630408502,0.35221008565667505,1.8894626846565683,0.998739800164031
M_DB,gpr,11,0.20008025630408502,0.35221008565667505,1.8894626846565683,0.998739800164031
M_DB,gpr,12,0.20008025630408502,0.35221008565667505,1.8894626846565683,0.998739800164031
M_DB,gpr,13,0.20008025630408502,0.35221008565667505,1.8894626846565683,0.998739800164031
M_DB,gpr,14,0.20008025630408502,0.35221008565667505,1.8894626846565683,0.998739800164031
M_DB,gpr,15,0.20008025630408502,0.35221008565667505,1.8894626846565683,0.998739800164031
M_DB,gpr,16,0.20008025630408502,0.35221008565667505,1.8894626846565683,0.998739800164031
M_DB,gpr,17,0.20008025630408502,0.35221008565667505,1.8894626846565683,0.998739800164031
M_DB,gpr,18,0.20008025630408502,0.35221008565667505,1.8894626846565683,0.998739800164031
M_DB,gpr,19,0.20008025630408502,0.35221008565667505,1.8894626846565683,0.998739800164031
M_DB,gpr,20,0.20008025630408502,0.35221008565667505,1.8894626846565683,0.998739800164031
M_DB,gpr,21,0.20008025630408502,0.35221008565667505,1.8894626846565683,0.998739800164031
M_DB,gpr,22,0.20008025630408502,0.35221008565667505,1.8894626846565683,0.998739800164031
M_DB,gpr,23,0.20008025630408502,0.35221008565667505,1.8894626846565683,0.998739800164031
M_DB,gpr,24,0.20008025630408502,0.35221008565667505,1.8894626846565683,0.998739800164031
M_DB,gpr,25,0.20008025630408502,0.35221008565667505,1.8894626846565683,0.998739800164031
M_DB,gpr,26,0.20008025630408502,0.35221008565667505,1.8894626846565683,0.998739800164031
M_DB,gpr,27,0.20008025630408502,0.35221008565667505,1.8894626846565683,0.998739800164031
M_DB,gpr,28,0.20008025630408502,0.35221008565667505,1.8894626846565683,0.998739800164031
M_DB,gpr,29,0.20008025630408502,0.35221008565667505,1.8894626846565683,0.998739800164031
M_DB,gpr,30,0.20008025630408502,0.35221008565667505,1.8894626846565683,0.998739800164031
M_DB,dt,1,0.20104525471264387,0.3740368620878069,1.7027571442429101,0.9985787690627723
M_DB,dt,2,0.20517475871264398,0.3758662186864471,1.7062899857513498,0.9985648330238108
M_DB,dt,3,0.20202503954023004,0.3742579229247436,1.7252657736853714,0.9985770886329849
M_DB,dt,4,0.20615454354023016,0.3760862042419242,1.728798615193811,0.9985631525940234
M_DB,dt,5,0.2003892431264369,0.3738797142525832,1.6911888381979263,0.9985799630437406
M_DB,dt,6,0.19633623347126442,0.3722273422348743,1.6715497165496358,0.9985924870945829
M_DB,dt,7,0.20663262151724163,0.37623659148370675,1.7366003857408374,0.99856200324731
M_DB,dt,8,0.197493951908046,0.3724553754470581,1.6978248814900545,0.9985907620305404
M_DB,dt,9,0.20663262151724163,0.37623659148370675,1.7366003857408374,0.99856200324731
M_DB,dt,10,0.20615454354023016,0.3760862042419242,1.728798615193811,0.9985631525940234
M_DB,dt,11,0.2003892431264369,0.3738797142525832,1.6911888381979263,0.9985799630437406
M_DB,dt,12,0.20202503954023004,0.3742579229247436,1.7252657736853714,0.9985770886329849
M_DB,dt,13,0.20615454354023016,0.3760862042419242,1.728798615193811,0.9985631525940234
M_DB,dt,14,0.20089094997701168,0.37394962180869246,1.7058956970933605,0.9985794319606665
M_DB,dt,15,0.20630884827586235,0.3761729490151136,1.7256600623433604,0.9985624896961292
M_DB,dt,16,0.20728863310344856,0.37639275529980315,1.7481686917858217,0.9985608092663417
M_DB,dt,17,0.2003892431264369,0.3738797142525832,1.6911888381979263,0.9985799630437406
M_DB,dt,18,0.20728863310344856,0.37639275529980315,1.7481686917858217,0.9985608092663417
M_DB,dt,19,0.20728863310344856,0.37639275529980315,1.7481686917858217,0.9985608092663417
M_DB,dt,20,0.19651416708045982,0.3722332441198109,1.6753162520475933,0.9985924424603279
M_DB,dt,21,0.2027575454712645,0.3746004806051951,1.7207277995905046,0.9985744826638973
M_DB,dt,22,0.20159982703448293,0.37437375399121187,1.694452634650086,0.9985762077279398
M_DB,dt,23,0.197493951908046,0.3724553754470581,1.6978248814900545,0.9985907620305404
M_DB,dt,24,0.20630884827586235,0.3761729490151136,1.7256600623433604,0.9985624896961292
M_DB,dt,25,0.20104525471264387,0.3740368620878069,1.7027571442429101,0.9985787690627723
M_DB,dt,26,0.19991116514942547,0.3737283786112769,1.6833870676508995,0.998581112390454
M_DB,dt,27,0.20038924312643724,0.3738797142525832,1.6911888381979272,0.9985799630437406
M_DB,dt,28,0.20517475871264398,0.3758662186864471,1.7062899857513498,0.9985648330238108
M_DB,dt,29,0.20728863310344856,0.37639275529980315,1.7481686917858217,0.9985608092663417
M_DB,dt,30,0.20154696156321852,0.3741067402784451,1.7174640031383446,0.9985782379796981
M_DB,gbrt,1,0.24241486791454303,0.35024069879203135,2.360769880401159,0.9987538536084882
M_DB,gbrt,2,0.24241486791454261,0.3502406987920314,2.360769880401149,0.9987538536084882
M_DB,gbrt,3,0.2424148679145427,0.35024069879203124,2.3607698804011488,0.9987538536084882
M_DB,gbrt,4,0.2424148679145428,0.35024069879203124,2.360769880401155,0.9987538536084882
M_DB,gbrt,5,0.24241486791454314,0.35024069879203146,2.3607698804011568,0.9987538536084882
M_DB,gbrt,6,0.24241486791454298,0.35024069879203146,2.3607698804011528,0.9987538536084882
M_DB,gbrt,7,0.2424148679145428,0.35024069879203124,2.360769880401155,0.9987538536084882
M_DB,gbrt,8,0.24241486791454298,0.35024069879203135,2.3607698804011523,0.9987538536084882
M_DB,gbrt,9,0.24241486791454325,0.35024069879203146,2.3607698804011594,0.9987538536084882
M_DB,gbrt,10,0.24241486791454306,0.3502406987920316,2.360769880401156,0.9987538536084882
M_DB,gbrt,11,0.2424148679145428,0.3502406987920312,2.360769880401156,0.9987538536084882
M_DB,gbrt,12,0.24241486791454261,0.3502406987920311,2.36076988040115,0.9987538536084882
M_DB,gbrt,13,0.24241486791454298,0.3502406987920316,2.360769880401154,0.9987538536084882
M_DB,gbrt,14,0.24241486791454264,0.3502406987920312,2.360769880401153,0.9987538536084882
M_DB,gbrt,15,0.2424148679145427,0.3502406987920313,2.3607698804011488,0.9987538536084882
M_DB,gbrt,16,0.24241486791454256,0.3502406987920311,2.360769880401149,0.9987538536084882
M_DB,gbrt,17,0.2424148679145428,0.3502406987920312,2.3607698804011528,0.9987538536084882
M_DB,gbrt,18,0.2424148679145429,0.3502406987920312,2.3607698804011563,0.9987538536084882
M_DB,gbrt,19,0.24241486791454242,0.35024069879203096,2.3607698804011443,0.9987538536084882
M_DB,gbrt,20,0.24241486791454356,0.35024069879203173,2.360769880401164,0.9987538536084882
M_DB,gbrt,21,0.24241486791454323,0.35024069879203146,2.360769880401159,0.9987538536084882
M_DB,gbrt,22,0.24241486791454323,0.35024069879203157,2.3607698804011603,0.9987538536084882
M_DB,gbrt,23,0.24241486791454236,0.3502406987920307,2.3607698804011465,0.9987538536084882
M_DB,gbrt,24,0.24241486791454234,0.35024069879203085,2.3607698804011443,0.9987538536084882
M_DB,gbrt,25,0.24241486791454306,0.35024069879203146,2.3607698804011603,0.9987538536084882
M_DB,gbrt,26,0.24241486791454306,0.35024069879203146,2.360769880401158,0.9987538536084882
M_DB,gbrt,27,0.24241486791454323,0.3502406987920314,2.360769880401161,0.9987538536084882
M_DB,gbrt,28,0.2424148679145428,0.35024069879203124,2.360769880401155,0.9987538536084882
M_DB,gbrt,29,0.24241486791454298,0.3502406987920314,2.360769880401155,0.9987538536084882
M_DB,gbrt,30,0.24241486791454311,0.3502406987920312,2.360769880401161,0.9987538536084882
M_DB,histgbr,1,0.3610287173287091,0.49864445575099003,3.2561886696104705,0.9974740902338266
M_DB,histgbr,2,0.3610287173287091,0.49864445575099003,3.2561886696104705,0.9974740902338266
M_DB,histgbr,3,0.3610287173287091,0.49864445575099003,3.2561886696104705,0.9974740902338266
M_DB,histgbr,4,0.3610287173287091,0.49864445575099003,3.2561886696104705,0.9974740902338266
M_DB,histgbr,5,0.3610287173287091,0.49864445575099003,3.2561886696104705,0.9974740902338266
M_DB,histgbr,6,0.3610287173287091,0.49864445575099003,3.2561886696104705,0.9974740902338266
M_DB,histgbr,7,0.3610287173287091,0.49864445575099003,3.2561886696104705,0.9974740902338266
M_DB,histgbr,8,0.3610287173287091,0.49864445575099003,3.2561886696104705,0.9974740902338266
M_DB,histgbr,9,0.3610287173287091,0.49864445575099003,3.2561886696104705,0.9974740902338266
M_DB,histgbr,10,0.3610287173287091,0.49864445575099003,3.2561886696104705,0.9974740902338266
M_DB,histgbr,11,0.3610287173287091,0.49864445575099003,3.2561886696104705,0.9974740902338266
M_DB,histgbr,12,0.3610287173287091,0.49864445575099003,3.2561886696104705,0.9974740902338266
M_DB,histgbr,13,0.3610287173287091,0.49864445575099003,3.2561886696104705,0.9974740902338266
M_DB,histgbr,14,0.3610287173287091,0.49864445575099003,3.2561886696104705,0.9974740902338266
M_DB,histgbr,15,0.3610287173287091,0.49864445575099003,3.2561886696104705,0.9974740902338266
M_DB,histgbr,16,0.3610287173287091,0.49864445575099003,3.2561886696104705,0.9974740902338266
M_DB,histgbr,17,0.3610287173287091,0.49864445575099003,3.2561886696104705,0.9974740902338266
M_DB,histgbr,18,0.3610287173287091,0.49864445575099003,3.2561886696104705,0.9974740902338266
M_DB,histgbr,19,0.3610287173287091,0.49864445575099003,3.2561886696104705,0.9974740902338266
M_DB,histgbr,20,0.3610287173287091,0.49864445575099003,3.2561886696104705,0.9974740902338266
M_DB,histgbr,21,0.3610287173287091,0.49864445575099003,3.2561886696104705,0.9974740902338266
M_DB,histgbr,22,0.3610287173287091,0.49864445575099003,3.2561886696104705,0.9974740902338266
M_DB,histgbr,23,0.3610287173287091,0.49864445575099003,3.2561886696104705,0.9974740902338266
M_DB,histgbr,24,0.3610287173287091,0.49864445575099003,3.2561886696104705,0.9974740902338266
M_DB,histgbr,25,0.3610287173287091,0.49864445575099003,3.2561886696104705,0.9974740902338266
M_DB,histgbr,26,0.3610287173287091,0.49864445575099003,3.2561886696104705,0.9974740902338266
M_DB,histgbr,27,0.3610287173287091,0.49864445575099003,3.2561886696104705,0.9974740902338266
M_DB,histgbr,28,0.3610287173287091,0.49864445575099003,3.2561886696104705,0.9974740902338266
M_DB,histgbr,29,0.3610287173287091,0.49864445575099003,3.2561886696104705,0.9974740902338266
M_DB,histgbr,30,0.3610287173287091,0.49864445575099003,3.2561886696104705,0.9974740902338266
M_DB,rf,1,0.7925465931691976,1.0010750741038266,7.496300136585169,0.989819499286163
M_DB,rf,2,0.8624022598525722,1.1146870398732753,7.915326401048812,0.9873776055928666
M_DB,rf,3,0.8048066196527303,1.023758106178206,7.394452258637461,0.9893529192004885
M_DB,rf,4,0.7757242973267502,0.9898739433466673,7.405967648260973,0.990046046042783
M_DB,rf,5,0.7621419890714225,0.9670397350364981,6.903409137066767,0.9904999808344345
M_DB,rf,6,0.8168648405269031,1.0380284792182903,7.419293570477278,0.9890540267961834
M_DB,rf,7,0.7712585698539529,0.979335396855771,7.2451027666945045,0.990256864410077
M_DB,rf,8,0.8067643446119603,1.0334746988986034,7.391725902427614,0.9891498550385416
M_DB,rf,9,0.8079596992456763,1.017616450379379,7.726196202370844,0.9894802824155626
M_DB,rf,10,0.7971981830401603,1.007227129621238,7.611421214638758,0.9896939873140286
M_DB,rf,11,0.787904242111576,1.0116467826201505,7.345298865433707,0.9896033445350785
M_DB,rf,12,0.829390584893032,1.0704944795150706,7.593838872239426,0.988358613539678
M_DB,rf,13,0.8317261787224578,1.039875057246548,7.858184414911741,0.9890150479581332
M_DB,rf,14,0.7740115046577848,0.9976856110705802,7.311977844550506,0.9898883213263608
M_DB,rf,15,0.7816762782576346,1.0001533591693441,7.2706736783948305,0.989838237540606
M_DB,rf,16,0.8408452409500441,1.0693201538868362,7.867474683187697,0.9883841405841448
M_DB,rf,17,0.7780045902698942,1.0099296544273133,7.146436407064134,0.9896386083041234
M_DB,rf,18,0.7818631634827662,1.0012885049998903,7.326709428886341,0.9898151578235258
M_DB,rf,19,0.7792622245155635,0.9924245764188055,7.3235680405086825,0.9899946827466366
M_DB,rf,20,0.8003008822974779,0.9999849905737702,7.678853645548704,0.9898416585712859
M_DB,rf,21,0.8030975335658828,1.0213126934093617,7.446314976957743,0.9894037230201889
M_DB,rf,22,0.7986950970606971,1.0355627907908171,7.313008462357093,0.9891059662281182
M_DB,rf,23,0.7719217744127299,0.9900838955628936,7.291922683372254,0.9900418231286703
M_DB,rf,24,0.8331666808619226,1.0533383976207786,7.881151104395199,0.988728760590024
M_DB,rf,25,0.7885748112908865,1.0079756736997945,7.309618567097284,0.9896786633197701
M_DB,rf,26,0.7861148883120366,1.0142496093559685,7.204560804575094,0.9895497774107112
M_DB,rf,27,0.8263684861924986,1.0375587294054052,7.739308563324346,0.9890639315444935
M_DB,rf,28,0.7813153986805699,1.0019871012874326,7.0501386259244585,0.9898009409919358
M_DB,rf,29,0.7687301163661392,0.9727295604570797,7.200329563149424,0.9903878603760391
M_DB,rf,30,0.7957182290987037,1.0398848172779034,7.147071469566288,0.9890148417526305
M_DB,adaboost,1,1.6499689508867912,2.098046973916596,15.589616781178123,0.9552836591533863
M_DB,adaboost,2,1.4753647016790876,1.767895290229115,16.172624661092726,0.9682496205117553
M_DB,adaboost,3,1.4818319613892297,1.7546695283352811,15.753509705438711,0.9687228976603921
M_DB,adaboost,4,1.532943082782982,1.8531225948592516,15.88780918699941,0.9651145647739635
M_DB,adaboost,5,1.5036808781225237,1.868727358124113,15.299200235263024,0.9645245649422318
M_DB,adaboost,6,1.6238554056080197,1.9459885999385713,17.54903111956004,0.961530510223396
M_DB,adaboost,7,1.5557690267340778,1.8929326118033853,16.00732804256917,0.9635996005445084
M_DB,adaboost,8,1.4654993479057512,1.8056638101853937,14.591530721885224,0.96687852793945
M_DB,adaboost,9,1.6051587695198066,1.9664264010291959,16.047714762482535,0.9607182130793648
M_DB,adaboost,10,1.4971762763924954,1.767991163049179,16.32479572610181,0.9682461767773053
M_DB,adaboost,11,1.5540954679760302,1.9162375495501989,15.599081763063527,0.9626977923784107
M_DB,adaboost,12,1.5317004886658905,1.8191925916474174,16.537497846302266,0.9663803490376259
M_DB,adaboost,13,1.553947424685239,1.8733760944241842,15.716892966172386,0.9643478445999921
M_DB,adaboost,14,1.5138884022229484,1.7657194304303288,17.018921094428336,0.9683277267904093
M_DB,adaboost,15,1.4991547438968669,1.7752315193617967,16.281967948966066,0.9679855648850942
M_DB,adaboost,16,1.4651396982391889,1.736739543643956,15.884149564606389,0.969358838180291
M_DB,adaboost,17,1.5477475946506203,1.829785050324269,16.966841921460222,0.9659877006453336
M_DB,adaboost,18,1.5151074588315787,1.7823998143297008,16.952177664076398,0.9677264975533881
M_DB,adaboost,19,1.502624888526599,1.765081095192804,16.01237244556638,0.9683506226969926
M_DB,adaboost,20,1.5097054490128046,1.794742274246164,16.79774137279109,0.9672779858711285
M_DB,adaboost,21,1.5426559363609575,1.7925073748756102,16.76829018865693,0.967359429181489
M_DB,adaboost,22,1.5218908787060912,1.7906289673069942,15.793700124004198,0.9674278028695226
M_DB,adaboost,23,1.4977015030580556,1.813507218641452,15.951734231990109,0.9665901581358664
M_DB,adaboost,24,1.528919945031515,1.7978563557381952,16.30442852380261,0.9671643345427745
M_DB,adaboost,25,1.4826247189116468,1.724822277521689,16.299724100058057,0.9697779062509329
M_DB,adaboost,26,1.566614503439487,1.8719685296507296,17.011185264424988,0.9644013991059418
M_DB,adaboost,27,1.4515738231716793,1.7311345034838703,15.974802092234933,0.9695562976139226
M_DB,adaboost,28,1.4863063193273365,1.8203069823337774,15.380907042096394,0.9663391473514908
M_DB,adaboost,29,1.5190835439686379,1.8275194217256054,16.033872883896297,0.9660718761401254
M_DB,adaboost,30,1.5012858755720717,1.8508246601547953,15.655687282234457,0.9652010293707386
M_DB,knn,1,2.106026635475885,2.67197009680387,24.0753675300798,0.9274731142325736
M_DB,knn,2,2.106026635475885,2.67197009680387,24.0753675300798,0.9274731142325736
M_DB,knn,3,2.106026635475885,2.67197009680387,24.0753675300798,0.9274731142325736
M_DB,knn,4,2.106026635475885,2.67197009680387,24.0753675300798,0.9274731142325736
M_DB,knn,5,2.106026635475885,2.67197009680387,24.0753675300798,0.9274731142325736
M_DB,knn,6,2.106026635475885,2.67197009680387,24.0753675300798,0.9274731142325736
M_DB,knn,7,2.106026635475885,2.67197009680387,24.0753675300798,0.9274731142325736
M_DB,knn,8,2.106026635475885,2.67197009680387,24.0753675300798,0.9274731142325736
M_DB,knn,9,2.106026635475885,2.67197009680387,24.0753675300798,0.9274731142325736
M_DB,knn,10,2.106026635475885,2.67197009680387,24.0753675300798,0.9274731142325736
M_DB,knn,11,2.106026635475885,2.67197009680387,24.0753675300798,0.9274731142325736
M_DB,knn,12,2.106026635475885,2.67197009680387,24.0753675300798,0.9274731142325736
M_DB,knn,13,2.106026635475885,2.67197009680387,24.0753675300798,0.9274731142325736
M_DB,knn,14,2.106026635475885,2.67197009680387,24.0753675300798,0.9274731142325736
M_DB,knn,15,2.106026635475885,2.67197009680387,24.0753675300798,0.9274731142325736
M_DB,knn,16,2.106026635475885,2.67197009680387,24.0753675300798,0.9274731142325736
M_DB,knn,17,2.106026635475885,2.67197009680387,24.0753675300798,0.9274731142325736
M_DB,knn,18,2.106026635475885,2.67197009680387,24.0753675300798,0.9274731142325736
M_DB,knn,19,2.106026635475885,2.67197009680387,24.0753675300798,0.9274731142325736
M_DB,knn,20,2.106026635475885,2.67197009680387,24.0753675300798,0.9274731142325736
M_DB,knn,21,2.106026635475885,2.67197009680387,24.0753675300798,0.9274731142325736
M_DB,knn,22,2.106026635475885,2.67197009680387,24.0753675300798,0.9274731142325736
M_DB,knn,23,2.106026635475885,2.67197009680387,24.0753675300798,0.9274731142325736
M_DB,knn,24,2.106026635475885,2.67197009680387,24.0753675300798,0.9274731142325736
M_DB,knn,25,2.106026635475885,2.67197009680387,24.0753675300798,0.9274731142325736
M_DB,knn,26,2.106026635475885,2.67197009680387,24.0753675300798,0.9274731142325736
M_DB,knn,27,2.106026635475885,2.67197009680387,24.0753675300798,0.9274731142325736
M_DB,knn,28,2.106026635475885,2.67197009680387,24.0753675300798,0.9274731142325736
M_DB,knn,29,2.106026635475885,2.67197009680387,24.0753675300798,0.9274731142325736
M_DB,knn,30,2.106026635475885,2.67197009680387,24.0753675300798,0.9274731142325736
M_DB,lasso,1,2.2454057623601282,3.0747393710113364,27.88588565820441,0.9039599316303345
M_DB,lasso,2,2.2454057623601282,3.0747393710113364,27.88588565820441,0.9039599316303345
M_DB,lasso,3,2.2454057623601282,3.0747393710113364,27.88588565820441,0.9039599316303345
M_DB,lasso,4,2.2454057623601282,3.0747393710113364,27.88588565820441,0.9039599316303345
M_DB,lasso,5,2.2454057623601282,3.0747393710113364,27.88588565820441,0.9039599316303345
M_DB,lasso,6,2.2454057623601282,3.0747393710113364,27.88588565820441,0.9039599316303345
M_DB,lasso,7,2.2454057623601282,3.0747393710113364,27.88588565820441,0.9039599316303345
M_DB,lasso,8,2.2454057623601282,3.0747393710113364,27.88588565820441,0.9039599316303345
M_DB,lasso,9,2.2454057623601282,3.0747393710113364,27.88588565820441,0.9039599316303345
M_DB,lasso,10,2.2454057623601282,3.0747393710113364,27.88588565820441,0.9039599316303345
M_DB,lasso,11,2.2454057623601282,3.0747393710113364,27.88588565820441,0.9039599316303345
M_DB,lasso,12,2.2454057623601282,3.0747393710113364,27.88588565820441,0.9039599316303345
M_DB,lasso,13,2.2454057623601282,3.0747393710113364,27.88588565820441,0.9039599316303345
M_DB,lasso,14,2.2454057623601282,3.0747393710113364,27.88588565820441,0.9039599316303345
M_DB,lasso,15,2.2454057623601282,3.0747393710113364,27.88588565820441,0.9039599316303345
M_DB,lasso,16,2.2454057623601282,3.0747393710113364,27.88588565820441,0.9039599316303345
M_DB,lasso,17,2.2454057623601282,3.0747393710113364,27.88588565820441,0.9039599316303345
M_DB,lasso,18,2.2454057623601282,3.0747393710113364,27.88588565820441,0.9039599316303345
M_DB,lasso,19,2.2454057623601282,3.0747393710113364,27.88588565820441,0.9039599316303345
M_DB,lasso,20,2.2454057623601282,3.0747393710113364,27.88588565820441,0.9039599316303345
M_DB,lasso,21,2.2454057623601282,3.0747393710113364,27.88588565820441,0.9039599316303345
M_DB,lasso,22,2.2454057623601282,3.0747393710113364,27.88588565820441,0.9039599316303345
M_DB,lasso,23,2.2454057623601282,3.0747393710113364,27.88588565820441,0.9039599316303345
M_DB,lasso,24,2.2454057623601282,3.0747393710113364,27.88588565820441,0.9039599316303345
M_DB,lasso,25,2.2454057623601282,3.0747393710113364,27.88588565820441,0.9039599316303345
M_DB,lasso,26,2.2454057623601282,3.0747393710113364,27.88588565820441,0.9039599316303345
M_DB,lasso,27,2.2454057623601282,3.0747393710113364,27.88588565820441,0.9039599316303345
M_DB,lasso,28,2.2454057623601282,3.0747393710113364,27.88588565820441,0.9039599316303345
M_DB,lasso,29,2.2454057623601282,3.0747393710113364,27.88588565820441,0.9039599316303345
M_DB,lasso,30,2.2454057623601282,3.0747393710113364,27.88588565820441,0.9039599316303345
M_DB,elasticnet,1,2.245959610473435,3.0752630536360948,27.889883724677777,0.9039272141918526
M_DB,elasticnet,2,2.245959610473435,3.0752630536360948,27.889883724677777,0.9039272141918526
M_DB,elasticnet,3,2.245959610473435,3.0752630536360948,27.889883724677777,0.9039272141918526
M_DB,elasticnet,4,2.245959610473435,3.0752630536360948,27.889883724677777,0.9039272141918526
M_DB,elasticnet,5,2.245959610473435,3.0752630536360948,27.889883724677777,0.9039272141918526
M_DB,elasticnet,6,2.245959610473435,3.0752630536360948,27.889883724677777,0.9039272141918526
M_DB,elasticnet,7,2.245959610473435,3.0752630536360948,27.889883724677777,0.9039272141918526
M_DB,elasticnet,8,2.245959610473435,3.0752630536360948,27.889883724677777,0.9039272141918526
M_DB,elasticnet,9,2.245959610473435,3.0752630536360948,27.889883724677777,0.9039272141918526
M_DB,elasticnet,10,2.245959610473435,3.0752630536360948,27.889883724677777,0.9039272141918526
M_DB,elasticnet,11,2.245959610473435,3.0752630536360948,27.889883724677777,0.9039272141918526
M_DB,elasticnet,12,2.245959610473435,3.0752630536360948,27.889883724677777,0.9039272141918526
M_DB,elasticnet,13,2.245959610473435,3.0752630536360948,27.889883724677777,0.9039272141918526
M_DB,elasticnet,14,2.245959610473435,3.0752630536360948,27.889883724677777,0.9039272141918526
M_DB,elasticnet,15,2.245959610473435,3.0752630536360948,27.889883724677777,0.9039272141918526
M_DB,elasticnet,16,2.245959610473435,3.0752630536360948,27.889883724677777,0.9039272141918526
M_DB,elasticnet,17,2.245959610473435,3.0752630536360948,27.889883724677777,0.9039272141918526
M_DB,elasticnet,18,2.245959610473435,3.0752630536360948,27.889883724677777,0.9039272141918526
M_DB,elasticnet,19,2.245959610473435,3.0752630536360948,27.889883724677777,0.9039272141918526
M_DB,elasticnet,20,2.245959610473435,3.0752630536360948,27.889883724677777,0.9039272141918526
M_DB,elasticnet,21,2.245959610473435,3.0752630536360948,27.889883724677777,0.9039272141918526
M_DB,elasticnet,22,2.245959610473435,3.0752630536360948,27.889883724677777,0.9039272141918526
M_DB,elasticnet,23,2.245959610473435,3.0752630536360948,27.889883724677777,0.9039272141918526
M_DB,elasticnet,24,2.245959610473435,3.0752630536360948,27.889883724677777,0.9039272141918526
M_DB,elasticnet,25,2.245959610473435,3.0752630536360948,27.889883724677777,0.9039272141918526
M_DB,elasticnet,26,2.245959610473435,3.0752630536360948,27.889883724677777,0.9039272141918526
M_DB,elasticnet,27,2.245959610473435,3.0752630536360948,27.889883724677777,0.9039272141918526
M_DB,elasticnet,28,2.245959610473435,3.0752630536360948,27.889883724677777,0.9039272141918526
M_DB,elasticnet,29,2.245959610473435,3.0752630536360948,27.889883724677777,0.9039272141918526
M_DB,elasticnet,30,2.245959610473435,3.0752630536360948,27.889883724677777,0.9039272141918526
M_DB,ridge,1,2.247420954641308,3.0773461401475806,27.866112699209562,0.9037970167414697
M_DB,ridge,2,2.247420954641308,3.0773461401475806,27.866112699209562,0.9037970167414697
M_DB,ridge,3,2.247420954641308,3.0773461401475806,27.866112699209562,0.9037970167414697
M_DB,ridge,4,2.247420954641308,3.0773461401475806,27.866112699209562,0.9037970167414697
M_DB,ridge,5,2.247420954641308,3.0773461401475806,27.866112699209562,0.9037970167414697
M_DB,ridge,6,2.247420954641308,3.0773461401475806,27.866112699209562,0.9037970167414697
M_DB,ridge,7,2.247420954641308,3.0773461401475806,27.866112699209562,0.9037970167414697
M_DB,ridge,8,2.247420954641308,3.0773461401475806,27.866112699209562,0.9037970167414697
M_DB,ridge,9,2.247420954641308,3.0773461401475806,27.866112699209562,0.9037970167414697
M_DB,ridge,10,2.247420954641308,3.0773461401475806,27.866112699209562,0.9037970167414697
M_DB,ridge,11,2.247420954641308,3.0773461401475806,27.866112699209562,0.9037970167414697
M_DB,ridge,12,2.247420954641308,3.0773461401475806,27.866112699209562,0.9037970167414697
M_DB,ridge,13,2.247420954641308,3.0773461401475806,27.866112699209562,0.9037970167414697
M_DB,ridge,14,2.247420954641308,3.0773461401475806,27.866112699209562,0.9037970167414697
M_DB,ridge,15,2.247420954641308,3.0773461401475806,27.866112699209562,0.9037970167414697
M_DB,ridge,16,2.247420954641308,3.0773461401475806,27.866112699209562,0.9037970167414697
M_DB,ridge,17,2.247420954641308,3.0773461401475806,27.866112699209562,0.9037970167414697
M_DB,ridge,18,2.247420954641308,3.0773461401475806,27.866112699209562,0.9037970167414697
M_DB,ridge,19,2.247420954641308,3.0773461401475806,27.866112699209562,0.9037970167414697
M_DB,ridge,20,2.247420954641308,3.0773461401475806,27.866112699209562,0.9037970167414697
M_DB,ridge,21,2.247420954641308,3.0773461401475806,27.866112699209562,0.9037970167414697
M_DB,ridge,22,2.247420954641308,3.0773461401475806,27.866112699209562,0.9037970167414697
M_DB,ridge,23,2.247420954641308,3.0773461401475806,27.866112699209562,0.9037970167414697
M_DB,ridge,24,2.247420954641308,3.0773461401475806,27.866112699209562,0.9037970167414697
M_DB,ridge,25,2.247420954641308,3.0773461401475806,27.866112699209562,0.9037970167414697
M_DB,ridge,26,2.247420954641308,3.0773461401475806,27.866112699209562,0.9037970167414697
M_DB,ridge,27,2.247420954641308,3.0773461401475806,27.866112699209562,0.9037970167414697
M_DB,ridge,28,2.247420954641308,3.0773461401475806,27.866112699209562,0.9037970167414697
M_DB,ridge,29,2.247420954641308,3.0773461401475806,27.866112699209562,0.9037970167414697
M_DB,ridge,30,2.247420954641308,3.0773461401475806,27.866112699209562,0.9037970167414697
